CPU,Cores,Threads,Iteration,Time
11th Gen Intel(R) Core(TM) i7-11700K @ 3.60GHz,16,1,1,277964096
11th Gen Intel(R) Core(TM) i7-11700K @ 3.60GHz,16,1,2,282966796
11th Gen Intel(R) Core(TM) i7-11700K @ 3.60GHz,16,1,3,280286355
11th Gen Intel(R) Core(TM) i7-11700K @ 3.60GHz,16,1,4,279993744
11th Gen Intel(R) Core(TM) i7-11700K @ 3.60GHz,16,1,5,281364909
11th Gen Intel(R) Core(TM) i7-11700K @ 3.60GHz,16,2,1, 144021280
11th Gen Intel(R) Core(TM) i7-11700K @ 3.60GHz,16,2,2, 142546875
11th Gen Intel(R) Core(TM) i7-11700K @ 3.60GHz,16,2,3, 143370472
11th Gen Intel(R) Core(TM) i7-11700K @ 3.60GHz,16,2,4, 142662297
11th Gen Intel(R) Core(TM) i7-11700K @ 3.60GHz,16,2,5, 143027451
11th Gen Intel(R) Core(TM) i7-11700K @ 3.60GHz,16,3,1, 98191839
11th Gen Intel(R) Core(TM) i7-11700K @ 3.60GHz,16,3,2, 97797007
11th Gen Intel(R) Core(TM) i7-11700K @ 3.60GHz,16,3,3, 98724230
11th Gen Intel(R) Core(TM) i7-11700K @ 3.60GHz,16,3,4, 98506886
11th Gen Intel(R) Core(TM) i7-11700K @ 3.60GHz,16,3,5, 98555573
11th Gen Intel(R) Core(TM) i7-11700K @ 3.60GHz,16,4,1, 75968016
11th Gen Intel(R) Core(TM) i7-11700K @ 3.60GHz,16,4,2, 75637781
11th Gen Intel(R) Core(TM) i7-11700K @ 3.60GHz,16,4,3, 75344101
11th Gen Intel(R) Core(TM) i7-11700K @ 3.60GHz,16,4,4, 75527590
11th Gen Intel(R) Core(TM) i7-11700K @ 3.60GHz,16,4,5, 75493089
11th Gen Intel(R) Core(TM) i7-11700K @ 3.60GHz,16,5,1, 61949716
11th Gen Intel(R) Core(TM) i7-11700K @ 3.60GHz,16,5,2, 61905208
11th Gen Intel(R) Core(TM) i7-11700K @ 3.60GHz,16,5,3, 62358380
11th Gen Intel(R) Core(TM) i7-11700K @ 3.60GHz,16,5,4, 62524742
11th Gen Intel(R) Core(TM) i7-11700K @ 3.60GHz,16,5,5, 62375516
11th Gen Intel(R) Core(TM) i7-11700K @ 3.60GHz,16,6,1, 52726066
11th Gen Intel(R) Core(TM) i7-11700K @ 3.60GHz,16,6,2, 53322214
11th Gen Intel(R) Core(TM) i7-11700K @ 3.60GHz,16,6,3, 53306740
11th Gen Intel(R) Core(TM) i7-11700K @ 3.60GHz,16,6,4, 52277791
11th Gen Intel(R) Core(TM) i7-11700K @ 3.60GHz,16,6,5, 53275070
11th Gen Intel(R) Core(TM) i7-11700K @ 3.60GHz,16,7,1, 46067142
11th Gen Intel(R) Core(TM) i7-11700K @ 3.60GHz,16,7,2, 45942785
11th Gen Intel(R) Core(TM) i7-11700K @ 3.60GHz,16,7,3, 47236133
11th Gen Intel(R) Core(TM) i7-11700K @ 3.60GHz,16,7,4, 47096900
11th Gen Intel(R) Core(TM) i7-11700K @ 3.60GHz,16,7,5, 46147947
11th Gen Intel(R) Core(TM) i7-11700K @ 3.60GHz,16,8,1, 40909816
11th Gen Intel(R) Core(TM) i7-11700K @ 3.60GHz,16,8,2, 41124247
11th Gen Intel(R) Core(TM) i7-11700K @ 3.60GHz,16,8,3, 42525314
11th Gen Intel(R) Core(TM) i7-11700K @ 3.60GHz,16,8,4, 44461810
11th Gen Intel(R) Core(TM) i7-11700K @ 3.60GHz,16,8,5, 42321732
11th Gen Intel(R) Core(TM) i7-11700K @ 3.60GHz,16,9,1, 47770233
11th Gen Intel(R) Core(TM) i7-11700K @ 3.60GHz,16,9,2, 47429413
11th Gen Intel(R) Core(TM) i7-11700K @ 3.60GHz,16,9,3, 47785181
11th Gen Intel(R) Core(TM) i7-11700K @ 3.60GHz,16,9,4, 47560941
11th Gen Intel(R) Core(TM) i7-11700K @ 3.60GHz,16,9,5, 48603708
11th Gen Intel(R) Core(TM) i7-11700K @ 3.60GHz,16,10,1, 43517636
11th Gen Intel(R) Core(TM) i7-11700K @ 3.60GHz,16,10,2, 43656618
11th Gen Intel(R) Core(TM) i7-11700K @ 3.60GHz,16,10,3, 45857315
11th Gen Intel(R) Core(TM) i7-11700K @ 3.60GHz,16,10,4, 45886682
11th Gen Intel(R) Core(TM) i7-11700K @ 3.60GHz,16,10,5, 43899454
11th Gen Intel(R) Core(TM) i7-11700K @ 3.60GHz,16,11,1, 43096937
11th Gen Intel(R) Core(TM) i7-11700K @ 3.60GHz,16,11,2, 40292211
11th Gen Intel(R) Core(TM) i7-11700K @ 3.60GHz,16,11,3, 42538088
11th Gen Intel(R) Core(TM) i7-11700K @ 3.60GHz,16,11,4, 40217883
11th Gen Intel(R) Core(TM) i7-11700K @ 3.60GHz,16,11,5, 39611482
11th Gen Intel(R) Core(TM) i7-11700K @ 3.60GHz,16,12,1, 40602810
11th Gen Intel(R) Core(TM) i7-11700K @ 3.60GHz,16,12,2, 40083847
11th Gen Intel(R) Core(TM) i7-11700K @ 3.60GHz,16,12,3, 39041580
11th Gen Intel(R) Core(TM) i7-11700K @ 3.60GHz,16,12,4, 41253027
11th Gen Intel(R) Core(TM) i7-11700K @ 3.60GHz,16,12,5, 39715033
11th Gen Intel(R) Core(TM) i7-11700K @ 3.60GHz,16,13,1, 38910952
11th Gen Intel(R) Core(TM) i7-11700K @ 3.60GHz,16,13,2, 37667869
11th Gen Intel(R) Core(TM) i7-11700K @ 3.60GHz,16,13,3, 38034756
11th Gen Intel(R) Core(TM) i7-11700K @ 3.60GHz,16,13,4, 37350443
11th Gen Intel(R) Core(TM) i7-11700K @ 3.60GHz,16,13,5, 37542784
11th Gen Intel(R) Core(TM) i7-11700K @ 3.60GHz,16,14,1, 43701126
11th Gen Intel(R) Core(TM) i7-11700K @ 3.60GHz,16,14,2, 36261499
11th Gen Intel(R) Core(TM) i7-11700K @ 3.60GHz,16,14,3, 36059097
11th Gen Intel(R) Core(TM) i7-11700K @ 3.60GHz,16,14,4, 35601409
11th Gen Intel(R) Core(TM) i7-11700K @ 3.60GHz,16,14,5, 35403309
11th Gen Intel(R) Core(TM) i7-11700K @ 3.60GHz,16,15,1, 33760024
11th Gen Intel(R) Core(TM) i7-11700K @ 3.60GHz,16,15,2, 35968665
11th Gen Intel(R) Core(TM) i7-11700K @ 3.60GHz,16,15,3, 35274922
11th Gen Intel(R) Core(TM) i7-11700K @ 3.60GHz,16,15,4, 33822624
11th Gen Intel(R) Core(TM) i7-11700K @ 3.60GHz,16,15,5, 36501144
11th Gen Intel(R) Core(TM) i7-11700K @ 3.60GHz,16,16,1, 34319899
11th Gen Intel(R) Core(TM) i7-11700K @ 3.60GHz,16,16,2, 38700394
11th Gen Intel(R) Core(TM) i7-11700K @ 3.60GHz,16,16,3, 38823878
11th Gen Intel(R) Core(TM) i7-11700K @ 3.60GHz,16,16,4, 36934300
11th Gen Intel(R) Core(TM) i7-11700K @ 3.60GHz,16,16,5, 32903985
11th Gen Intel(R) Core(TM) i7-11700K @ 3.60GHz,16,17,1, 41700314
11th Gen Intel(R) Core(TM) i7-11700K @ 3.60GHz,16,17,2, 45271212
11th Gen Intel(R) Core(TM) i7-11700K @ 3.60GHz,16,17,3, 45662855
11th Gen Intel(R) Core(TM) i7-11700K @ 3.60GHz,16,17,4, 45974319
11th Gen Intel(R) Core(TM) i7-11700K @ 3.60GHz,16,17,5, 42609290
11th Gen Intel(R) Core(TM) i7-11700K @ 3.60GHz,16,18,1, 44286114
11th Gen Intel(R) Core(TM) i7-11700K @ 3.60GHz,16,18,2, 43147279
11th Gen Intel(R) Core(TM) i7-11700K @ 3.60GHz,16,18,3, 44146191
11th Gen Intel(R) Core(TM) i7-11700K @ 3.60GHz,16,18,4, 45197989
11th Gen Intel(R) Core(TM) i7-11700K @ 3.60GHz,16,18,5, 43409568
11th Gen Intel(R) Core(TM) i7-11700K @ 3.60GHz,16,19,1, 42189814
11th Gen Intel(R) Core(TM) i7-11700K @ 3.60GHz,16,19,2, 43113890
11th Gen Intel(R) Core(TM) i7-11700K @ 3.60GHz,16,19,3, 43023951
11th Gen Intel(R) Core(TM) i7-11700K @ 3.60GHz,16,19,4, 44021179
11th Gen Intel(R) Core(TM) i7-11700K @ 3.60GHz,16,19,5, 42898758
11th Gen Intel(R) Core(TM) i7-11700K @ 3.60GHz,16,20,1, 41668774
11th Gen Intel(R) Core(TM) i7-11700K @ 3.60GHz,16,20,2, 40914044
11th Gen Intel(R) Core(TM) i7-11700K @ 3.60GHz,16,20,3, 41949903
11th Gen Intel(R) Core(TM) i7-11700K @ 3.60GHz,16,20,4, 40485331
11th Gen Intel(R) Core(TM) i7-11700K @ 3.60GHz,16,20,5, 40191221
11th Gen Intel(R) Core(TM) i7-11700K @ 3.60GHz,16,21,1, 38966527
11th Gen Intel(R) Core(TM) i7-11700K @ 3.60GHz,16,21,2, 39272061
11th Gen Intel(R) Core(TM) i7-11700K @ 3.60GHz,16,21,3, 39698722
11th Gen Intel(R) Core(TM) i7-11700K @ 3.60GHz,16,21,4, 39987124
11th Gen Intel(R) Core(TM) i7-11700K @ 3.60GHz,16,21,5, 39609086
11th Gen Intel(R) Core(TM) i7-11700K @ 3.60GHz,16,22,1, 38586991
11th Gen Intel(R) Core(TM) i7-11700K @ 3.60GHz,16,22,2, 38815218
11th Gen Intel(R) Core(TM) i7-11700K @ 3.60GHz,16,22,3, 38266141
11th Gen Intel(R) Core(TM) i7-11700K @ 3.60GHz,16,22,4, 40012283
11th Gen Intel(R) Core(TM) i7-11700K @ 3.60GHz,16,22,5, 37666322
11th Gen Intel(R) Core(TM) i7-11700K @ 3.60GHz,16,23,1, 39546757
11th Gen Intel(R) Core(TM) i7-11700K @ 3.60GHz,16,23,2, 36920110
11th Gen Intel(R) Core(TM) i7-11700K @ 3.60GHz,16,23,3, 40350043
11th Gen Intel(R) Core(TM) i7-11700K @ 3.60GHz,16,23,4, 40310859
11th Gen Intel(R) Core(TM) i7-11700K @ 3.60GHz,16,23,5, 38501062
11th Gen Intel(R) Core(TM) i7-11700K @ 3.60GHz,16,24,1, 37638259
11th Gen Intel(R) Core(TM) i7-11700K @ 3.60GHz,16,24,2, 35493770
11th Gen Intel(R) Core(TM) i7-11700K @ 3.60GHz,16,24,3, 38057692
11th Gen Intel(R) Core(TM) i7-11700K @ 3.60GHz,16,24,4, 36886976
11th Gen Intel(R) Core(TM) i7-11700K @ 3.60GHz,16,24,5, 39112404
11th Gen Intel(R) Core(TM) i7-11700K @ 3.60GHz,16,25,1, 38354028
11th Gen Intel(R) Core(TM) i7-11700K @ 3.60GHz,16,25,2, 37351156
11th Gen Intel(R) Core(TM) i7-11700K @ 3.60GHz,16,25,3, 37759565
11th Gen Intel(R) Core(TM) i7-11700K @ 3.60GHz,16,25,4, 37396678
11th Gen Intel(R) Core(TM) i7-11700K @ 3.60GHz,16,25,5, 37963827
11th Gen Intel(R) Core(TM) i7-11700K @ 3.60GHz,16,26,1, 37216687
11th Gen Intel(R) Core(TM) i7-11700K @ 3.60GHz,16,26,2, 37381876
11th Gen Intel(R) Core(TM) i7-11700K @ 3.60GHz,16,26,3, 36523059
11th Gen Intel(R) Core(TM) i7-11700K @ 3.60GHz,16,26,4, 36940119
11th Gen Intel(R) Core(TM) i7-11700K @ 3.60GHz,16,26,5, 38460882
11th Gen Intel(R) Core(TM) i7-11700K @ 3.60GHz,16,27,1, 37069065
11th Gen Intel(R) Core(TM) i7-11700K @ 3.60GHz,16,27,2, 36161487
11th Gen Intel(R) Core(TM) i7-11700K @ 3.60GHz,16,27,3, 37092510
11th Gen Intel(R) Core(TM) i7-11700K @ 3.60GHz,16,27,4, 36046525
11th Gen Intel(R) Core(TM) i7-11700K @ 3.60GHz,16,27,5, 35816716
11th Gen Intel(R) Core(TM) i7-11700K @ 3.60GHz,16,28,1, 37954869
11th Gen Intel(R) Core(TM) i7-11700K @ 3.60GHz,16,28,2, 37337572
11th Gen Intel(R) Core(TM) i7-11700K @ 3.60GHz,16,28,3, 35668392
11th Gen Intel(R) Core(TM) i7-11700K @ 3.60GHz,16,28,4, 35789401
11th Gen Intel(R) Core(TM) i7-11700K @ 3.60GHz,16,28,5, 35983227
11th Gen Intel(R) Core(TM) i7-11700K @ 3.60GHz,16,29,1, 36487540
11th Gen Intel(R) Core(TM) i7-11700K @ 3.60GHz,16,29,2, 34526975
11th Gen Intel(R) Core(TM) i7-11700K @ 3.60GHz,16,29,3, 35824555
11th Gen Intel(R) Core(TM) i7-11700K @ 3.60GHz,16,29,4, 35669572
11th Gen Intel(R) Core(TM) i7-11700K @ 3.60GHz,16,29,5, 35960299
11th Gen Intel(R) Core(TM) i7-11700K @ 3.60GHz,16,30,1, 36607250
11th Gen Intel(R) Core(TM) i7-11700K @ 3.60GHz,16,30,2, 38157894
11th Gen Intel(R) Core(TM) i7-11700K @ 3.60GHz,16,30,3, 34557014
11th Gen Intel(R) Core(TM) i7-11700K @ 3.60GHz,16,30,4, 33275867
11th Gen Intel(R) Core(TM) i7-11700K @ 3.60GHz,16,30,5, 34518596
11th Gen Intel(R) Core(TM) i7-11700K @ 3.60GHz,16,31,1, 35377396
11th Gen Intel(R) Core(TM) i7-11700K @ 3.60GHz,16,31,2, 34188145
11th Gen Intel(R) Core(TM) i7-11700K @ 3.60GHz,16,31,3, 33328039
11th Gen Intel(R) Core(TM) i7-11700K @ 3.60GHz,16,31,4, 34648051
11th Gen Intel(R) Core(TM) i7-11700K @ 3.60GHz,16,31,5, 35597099
11th Gen Intel(R) Core(TM) i7-11700K @ 3.60GHz,16,32,1, 36496206
11th Gen Intel(R) Core(TM) i7-11700K @ 3.60GHz,16,32,2, 35089958
11th Gen Intel(R) Core(TM) i7-11700K @ 3.60GHz,16,32,3, 34860255
11th Gen Intel(R) Core(TM) i7-11700K @ 3.60GHz,16,32,4, 37220019
11th Gen Intel(R) Core(TM) i7-11700K @ 3.60GHz,16,32,5, 35585159
11th Gen Intel(R) Core(TM) i7-11700K @ 3.60GHz,16,33,1, 38762926
11th Gen Intel(R) Core(TM) i7-11700K @ 3.60GHz,16,33,2, 39549608
11th Gen Intel(R) Core(TM) i7-11700K @ 3.60GHz,16,33,3, 36108799
11th Gen Intel(R) Core(TM) i7-11700K @ 3.60GHz,16,33,4, 38281156
11th Gen Intel(R) Core(TM) i7-11700K @ 3.60GHz,16,33,5, 39831552
11th Gen Intel(R) Core(TM) i7-11700K @ 3.60GHz,16,34,1, 39744905
11th Gen Intel(R) Core(TM) i7-11700K @ 3.60GHz,16,34,2, 38633086
11th Gen Intel(R) Core(TM) i7-11700K @ 3.60GHz,16,34,3, 36639660
11th Gen Intel(R) Core(TM) i7-11700K @ 3.60GHz,16,34,4, 37986152
11th Gen Intel(R) Core(TM) i7-11700K @ 3.60GHz,16,34,5, 38661677
11th Gen Intel(R) Core(TM) i7-11700K @ 3.60GHz,16,35,1, 37515473
11th Gen Intel(R) Core(TM) i7-11700K @ 3.60GHz,16,35,2, 38186442
11th Gen Intel(R) Core(TM) i7-11700K @ 3.60GHz,16,35,3, 37958818
11th Gen Intel(R) Core(TM) i7-11700K @ 3.60GHz,16,35,4, 36645885
11th Gen Intel(R) Core(TM) i7-11700K @ 3.60GHz,16,35,5, 37644163
11th Gen Intel(R) Core(TM) i7-11700K @ 3.60GHz,16,36,1, 36006646
11th Gen Intel(R) Core(TM) i7-11700K @ 3.60GHz,16,36,2, 36610384
11th Gen Intel(R) Core(TM) i7-11700K @ 3.60GHz,16,36,3, 36983141
11th Gen Intel(R) Core(TM) i7-11700K @ 3.60GHz,16,36,4, 38022084
11th Gen Intel(R) Core(TM) i7-11700K @ 3.60GHz,16,36,5, 37288833
11th Gen Intel(R) Core(TM) i7-11700K @ 3.60GHz,16,37,1, 36947322
11th Gen Intel(R) Core(TM) i7-11700K @ 3.60GHz,16,37,2, 36359575
11th Gen Intel(R) Core(TM) i7-11700K @ 3.60GHz,16,37,3, 36872765
11th Gen Intel(R) Core(TM) i7-11700K @ 3.60GHz,16,37,4, 36096630
11th Gen Intel(R) Core(TM) i7-11700K @ 3.60GHz,16,37,5, 35784321
11th Gen Intel(R) Core(TM) i7-11700K @ 3.60GHz,16,38,1, 37271403
11th Gen Intel(R) Core(TM) i7-11700K @ 3.60GHz,16,38,2, 36518189
11th Gen Intel(R) Core(TM) i7-11700K @ 3.60GHz,16,38,3, 36864062
11th Gen Intel(R) Core(TM) i7-11700K @ 3.60GHz,16,38,4, 37955340
11th Gen Intel(R) Core(TM) i7-11700K @ 3.60GHz,16,38,5, 35932112
11th Gen Intel(R) Core(TM) i7-11700K @ 3.60GHz,16,39,1, 36884142
11th Gen Intel(R) Core(TM) i7-11700K @ 3.60GHz,16,39,2, 35807352
11th Gen Intel(R) Core(TM) i7-11700K @ 3.60GHz,16,39,3, 36781063
11th Gen Intel(R) Core(TM) i7-11700K @ 3.60GHz,16,39,4, 36121241
11th Gen Intel(R) Core(TM) i7-11700K @ 3.60GHz,16,39,5, 35503627
11th Gen Intel(R) Core(TM) i7-11700K @ 3.60GHz,16,40,1, 36655748
11th Gen Intel(R) Core(TM) i7-11700K @ 3.60GHz,16,40,2, 37194119
11th Gen Intel(R) Core(TM) i7-11700K @ 3.60GHz,16,40,3, 35061178
11th Gen Intel(R) Core(TM) i7-11700K @ 3.60GHz,16,40,4, 34830794
11th Gen Intel(R) Core(TM) i7-11700K @ 3.60GHz,16,40,5, 36662460
11th Gen Intel(R) Core(TM) i7-11700K @ 3.60GHz,16,41,1, 35390583
11th Gen Intel(R) Core(TM) i7-11700K @ 3.60GHz,16,41,2, 37145067
11th Gen Intel(R) Core(TM) i7-11700K @ 3.60GHz,16,41,3, 36077197
11th Gen Intel(R) Core(TM) i7-11700K @ 3.60GHz,16,41,4, 36084050
11th Gen Intel(R) Core(TM) i7-11700K @ 3.60GHz,16,41,5, 35105527
11th Gen Intel(R) Core(TM) i7-11700K @ 3.60GHz,16,42,1, 35321256
11th Gen Intel(R) Core(TM) i7-11700K @ 3.60GHz,16,42,2, 34593058
11th Gen Intel(R) Core(TM) i7-11700K @ 3.60GHz,16,42,3, 36136883
11th Gen Intel(R) Core(TM) i7-11700K @ 3.60GHz,16,42,4, 37185847
11th Gen Intel(R) Core(TM) i7-11700K @ 3.60GHz,16,42,5, 35712827
11th Gen Intel(R) Core(TM) i7-11700K @ 3.60GHz,16,43,1, 35109957
11th Gen Intel(R) Core(TM) i7-11700K @ 3.60GHz,16,43,2, 35852385
11th Gen Intel(R) Core(TM) i7-11700K @ 3.60GHz,16,43,3, 35019144
11th Gen Intel(R) Core(TM) i7-11700K @ 3.60GHz,16,43,4, 35464828
11th Gen Intel(R) Core(TM) i7-11700K @ 3.60GHz,16,43,5, 35988357
11th Gen Intel(R) Core(TM) i7-11700K @ 3.60GHz,16,44,1, 35689103
11th Gen Intel(R) Core(TM) i7-11700K @ 3.60GHz,16,44,2, 35093189
11th Gen Intel(R) Core(TM) i7-11700K @ 3.60GHz,16,44,3, 36399326
11th Gen Intel(R) Core(TM) i7-11700K @ 3.60GHz,16,44,4, 34475634
11th Gen Intel(R) Core(TM) i7-11700K @ 3.60GHz,16,44,5, 37019941
11th Gen Intel(R) Core(TM) i7-11700K @ 3.60GHz,16,45,1, 35745792
11th Gen Intel(R) Core(TM) i7-11700K @ 3.60GHz,16,45,2, 35415081
11th Gen Intel(R) Core(TM) i7-11700K @ 3.60GHz,16,45,3, 34613051
11th Gen Intel(R) Core(TM) i7-11700K @ 3.60GHz,16,45,4, 33918276
11th Gen Intel(R) Core(TM) i7-11700K @ 3.60GHz,16,45,5, 35281092
11th Gen Intel(R) Core(TM) i7-11700K @ 3.60GHz,16,46,1, 34015656
11th Gen Intel(R) Core(TM) i7-11700K @ 3.60GHz,16,46,2, 34551866
11th Gen Intel(R) Core(TM) i7-11700K @ 3.60GHz,16,46,3, 34779560
11th Gen Intel(R) Core(TM) i7-11700K @ 3.60GHz,16,46,4, 35311966
11th Gen Intel(R) Core(TM) i7-11700K @ 3.60GHz,16,46,5, 34704641
11th Gen Intel(R) Core(TM) i7-11700K @ 3.60GHz,16,47,1, 34411691
11th Gen Intel(R) Core(TM) i7-11700K @ 3.60GHz,16,47,2, 34933279
11th Gen Intel(R) Core(TM) i7-11700K @ 3.60GHz,16,47,3, 33887350
11th Gen Intel(R) Core(TM) i7-11700K @ 3.60GHz,16,47,4, 33600264
11th Gen Intel(R) Core(TM) i7-11700K @ 3.60GHz,16,47,5, 35579011
11th Gen Intel(R) Core(TM) i7-11700K @ 3.60GHz,16,48,1, 33320301
11th Gen Intel(R) Core(TM) i7-11700K @ 3.60GHz,16,48,2, 36023953
11th Gen Intel(R) Core(TM) i7-11700K @ 3.60GHz,16,48,3, 35889042
11th Gen Intel(R) Core(TM) i7-11700K @ 3.60GHz,16,48,4, 33845996
11th Gen Intel(R) Core(TM) i7-11700K @ 3.60GHz,16,48,5, 36165498
11th Gen Intel(R) Core(TM) i7-11700K @ 3.60GHz,16,49,1, 35408579
11th Gen Intel(R) Core(TM) i7-11700K @ 3.60GHz,16,49,2, 37099613
11th Gen Intel(R) Core(TM) i7-11700K @ 3.60GHz,16,49,3, 36705687
11th Gen Intel(R) Core(TM) i7-11700K @ 3.60GHz,16,49,4, 36034151
11th Gen Intel(R) Core(TM) i7-11700K @ 3.60GHz,16,49,5, 37470698
11th Gen Intel(R) Core(TM) i7-11700K @ 3.60GHz,16,50,1, 36887949
11th Gen Intel(R) Core(TM) i7-11700K @ 3.60GHz,16,50,2, 36358886
11th Gen Intel(R) Core(TM) i7-11700K @ 3.60GHz,16,50,3, 36997699
11th Gen Intel(R) Core(TM) i7-11700K @ 3.60GHz,16,50,4, 36766415
11th Gen Intel(R) Core(TM) i7-11700K @ 3.60GHz,16,50,5, 36605609
11th Gen Intel(R) Core(TM) i7-11700K @ 3.60GHz,16,51,1, 36464304
11th Gen Intel(R) Core(TM) i7-11700K @ 3.60GHz,16,51,2, 36440160
11th Gen Intel(R) Core(TM) i7-11700K @ 3.60GHz,16,51,3, 36053288
11th Gen Intel(R) Core(TM) i7-11700K @ 3.60GHz,16,51,4, 36207807
11th Gen Intel(R) Core(TM) i7-11700K @ 3.60GHz,16,51,5, 35919258
11th Gen Intel(R) Core(TM) i7-11700K @ 3.60GHz,16,52,1, 36058401
11th Gen Intel(R) Core(TM) i7-11700K @ 3.60GHz,16,52,2, 35701974
11th Gen Intel(R) Core(TM) i7-11700K @ 3.60GHz,16,52,3, 36159906
11th Gen Intel(R) Core(TM) i7-11700K @ 3.60GHz,16,52,4, 37083081
11th Gen Intel(R) Core(TM) i7-11700K @ 3.60GHz,16,52,5, 35816047
11th Gen Intel(R) Core(TM) i7-11700K @ 3.60GHz,16,53,1, 37148434
11th Gen Intel(R) Core(TM) i7-11700K @ 3.60GHz,16,53,2, 38149118
11th Gen Intel(R) Core(TM) i7-11700K @ 3.60GHz,16,53,3, 34805856
11th Gen Intel(R) Core(TM) i7-11700K @ 3.60GHz,16,53,4, 35704244
11th Gen Intel(R) Core(TM) i7-11700K @ 3.60GHz,16,53,5, 35738785
11th Gen Intel(R) Core(TM) i7-11700K @ 3.60GHz,16,54,1, 35562840
11th Gen Intel(R) Core(TM) i7-11700K @ 3.60GHz,16,54,2, 36239852
11th Gen Intel(R) Core(TM) i7-11700K @ 3.60GHz,16,54,3, 34861670
11th Gen Intel(R) Core(TM) i7-11700K @ 3.60GHz,16,54,4, 34507652
11th Gen Intel(R) Core(TM) i7-11700K @ 3.60GHz,16,54,5, 35372454
11th Gen Intel(R) Core(TM) i7-11700K @ 3.60GHz,16,55,1, 35593218
11th Gen Intel(R) Core(TM) i7-11700K @ 3.60GHz,16,55,2, 34873811
11th Gen Intel(R) Core(TM) i7-11700K @ 3.60GHz,16,55,3, 34632390
11th Gen Intel(R) Core(TM) i7-11700K @ 3.60GHz,16,55,4, 34875960
11th Gen Intel(R) Core(TM) i7-11700K @ 3.60GHz,16,55,5, 35166809
11th Gen Intel(R) Core(TM) i7-11700K @ 3.60GHz,16,56,1, 35512228
11th Gen Intel(R) Core(TM) i7-11700K @ 3.60GHz,16,56,2, 35687784
11th Gen Intel(R) Core(TM) i7-11700K @ 3.60GHz,16,56,3, 35971993
11th Gen Intel(R) Core(TM) i7-11700K @ 3.60GHz,16,56,4, 35925888
11th Gen Intel(R) Core(TM) i7-11700K @ 3.60GHz,16,56,5, 34771701
11th Gen Intel(R) Core(TM) i7-11700K @ 3.60GHz,16,57,1, 35257359
11th Gen Intel(R) Core(TM) i7-11700K @ 3.60GHz,16,57,2, 34536466
11th Gen Intel(R) Core(TM) i7-11700K @ 3.60GHz,16,57,3, 34912687
11th Gen Intel(R) Core(TM) i7-11700K @ 3.60GHz,16,57,4, 35846820
11th Gen Intel(R) Core(TM) i7-11700K @ 3.60GHz,16,57,5, 35736410
11th Gen Intel(R) Core(TM) i7-11700K @ 3.60GHz,16,58,1, 35648932
11th Gen Intel(R) Core(TM) i7-11700K @ 3.60GHz,16,58,2, 35026390
11th Gen Intel(R) Core(TM) i7-11700K @ 3.60GHz,16,58,3, 35296068
11th Gen Intel(R) Core(TM) i7-11700K @ 3.60GHz,16,58,4, 34369037
11th Gen Intel(R) Core(TM) i7-11700K @ 3.60GHz,16,58,5, 34718994
11th Gen Intel(R) Core(TM) i7-11700K @ 3.60GHz,16,59,1, 34120997
11th Gen Intel(R) Core(TM) i7-11700K @ 3.60GHz,16,59,2, 34735813
11th Gen Intel(R) Core(TM) i7-11700K @ 3.60GHz,16,59,3, 34634544
11th Gen Intel(R) Core(TM) i7-11700K @ 3.60GHz,16,59,4, 35120224
11th Gen Intel(R) Core(TM) i7-11700K @ 3.60GHz,16,59,5, 35679062
11th Gen Intel(R) Core(TM) i7-11700K @ 3.60GHz,16,60,1, 34979826
11th Gen Intel(R) Core(TM) i7-11700K @ 3.60GHz,16,60,2, 35602470
11th Gen Intel(R) Core(TM) i7-11700K @ 3.60GHz,16,60,3, 35686978
11th Gen Intel(R) Core(TM) i7-11700K @ 3.60GHz,16,60,4, 36532839
11th Gen Intel(R) Core(TM) i7-11700K @ 3.60GHz,16,60,5, 34912886
11th Gen Intel(R) Core(TM) i7-11700K @ 3.60GHz,16,61,1, 33926410
11th Gen Intel(R) Core(TM) i7-11700K @ 3.60GHz,16,61,2, 33894010
11th Gen Intel(R) Core(TM) i7-11700K @ 3.60GHz,16,61,3, 34661723
11th Gen Intel(R) Core(TM) i7-11700K @ 3.60GHz,16,61,4, 36504187
11th Gen Intel(R) Core(TM) i7-11700K @ 3.60GHz,16,61,5, 33613966
11th Gen Intel(R) Core(TM) i7-11700K @ 3.60GHz,16,62,1, 36414921
11th Gen Intel(R) Core(TM) i7-11700K @ 3.60GHz,16,62,2, 35903532
11th Gen Intel(R) Core(TM) i7-11700K @ 3.60GHz,16,62,3, 34760390
11th Gen Intel(R) Core(TM) i7-11700K @ 3.60GHz,16,62,4, 34907756
11th Gen Intel(R) Core(TM) i7-11700K @ 3.60GHz,16,62,5, 35790328
11th Gen Intel(R) Core(TM) i7-11700K @ 3.60GHz,16,63,1, 36390437
11th Gen Intel(R) Core(TM) i7-11700K @ 3.60GHz,16,63,2, 35868755
11th Gen Intel(R) Core(TM) i7-11700K @ 3.60GHz,16,63,3, 35585116
11th Gen Intel(R) Core(TM) i7-11700K @ 3.60GHz,16,63,4, 34894341
11th Gen Intel(R) Core(TM) i7-11700K @ 3.60GHz,16,63,5, 34879534
11th Gen Intel(R) Core(TM) i7-11700K @ 3.60GHz,16,64,1, 35470987
11th Gen Intel(R) Core(TM) i7-11700K @ 3.60GHz,16,64,2, 35907879
11th Gen Intel(R) Core(TM) i7-11700K @ 3.60GHz,16,64,3, 34703699
11th Gen Intel(R) Core(TM) i7-11700K @ 3.60GHz,16,64,4, 34868764
11th Gen Intel(R) Core(TM) i7-11700K @ 3.60GHz,16,64,5, 35175149
11th Gen Intel(R) Core(TM) i7-11700K @ 3.60GHz,16,65,1, 35696784
11th Gen Intel(R) Core(TM) i7-11700K @ 3.60GHz,16,65,2, 35069225
11th Gen Intel(R) Core(TM) i7-11700K @ 3.60GHz,16,65,3, 35742254
11th Gen Intel(R) Core(TM) i7-11700K @ 3.60GHz,16,65,4, 35549929
11th Gen Intel(R) Core(TM) i7-11700K @ 3.60GHz,16,65,5, 37878450
11th Gen Intel(R) Core(TM) i7-11700K @ 3.60GHz,16,66,1, 36218106
11th Gen Intel(R) Core(TM) i7-11700K @ 3.60GHz,16,66,2, 35918376
11th Gen Intel(R) Core(TM) i7-11700K @ 3.60GHz,16,66,3, 35899876
11th Gen Intel(R) Core(TM) i7-11700K @ 3.60GHz,16,66,4, 35413571
11th Gen Intel(R) Core(TM) i7-11700K @ 3.60GHz,16,66,5, 35768213
11th Gen Intel(R) Core(TM) i7-11700K @ 3.60GHz,16,67,1, 36180704
11th Gen Intel(R) Core(TM) i7-11700K @ 3.60GHz,16,67,2, 34985569
11th Gen Intel(R) Core(TM) i7-11700K @ 3.60GHz,16,67,3, 35805443
11th Gen Intel(R) Core(TM) i7-11700K @ 3.60GHz,16,67,4, 35304630
11th Gen Intel(R) Core(TM) i7-11700K @ 3.60GHz,16,67,5, 36098610
11th Gen Intel(R) Core(TM) i7-11700K @ 3.60GHz,16,68,1, 34740763
11th Gen Intel(R) Core(TM) i7-11700K @ 3.60GHz,16,68,2, 35247242
11th Gen Intel(R) Core(TM) i7-11700K @ 3.60GHz,16,68,3, 29812487
11th Gen Intel(R) Core(TM) i7-11700K @ 3.60GHz,16,68,4, 35444534
11th Gen Intel(R) Core(TM) i7-11700K @ 3.60GHz,16,68,5, 35450384
11th Gen Intel(R) Core(TM) i7-11700K @ 3.60GHz,16,69,1, 35109109
11th Gen Intel(R) Core(TM) i7-11700K @ 3.60GHz,16,69,2, 35286396
11th Gen Intel(R) Core(TM) i7-11700K @ 3.60GHz,16,69,3, 36029271
11th Gen Intel(R) Core(TM) i7-11700K @ 3.60GHz,16,69,4, 35035780
11th Gen Intel(R) Core(TM) i7-11700K @ 3.60GHz,16,69,5, 35572613
11th Gen Intel(R) Core(TM) i7-11700K @ 3.60GHz,16,70,1, 35666726
11th Gen Intel(R) Core(TM) i7-11700K @ 3.60GHz,16,70,2, 34919121
11th Gen Intel(R) Core(TM) i7-11700K @ 3.60GHz,16,70,3, 34814144
11th Gen Intel(R) Core(TM) i7-11700K @ 3.60GHz,16,70,4, 35447239
11th Gen Intel(R) Core(TM) i7-11700K @ 3.60GHz,16,70,5, 35372867
11th Gen Intel(R) Core(TM) i7-11700K @ 3.60GHz,16,71,1, 34995229
11th Gen Intel(R) Core(TM) i7-11700K @ 3.60GHz,16,71,2, 35531665
11th Gen Intel(R) Core(TM) i7-11700K @ 3.60GHz,16,71,3, 35188051
11th Gen Intel(R) Core(TM) i7-11700K @ 3.60GHz,16,71,4, 35022581
11th Gen Intel(R) Core(TM) i7-11700K @ 3.60GHz,16,71,5, 34371488
11th Gen Intel(R) Core(TM) i7-11700K @ 3.60GHz,16,72,1, 34770177
11th Gen Intel(R) Core(TM) i7-11700K @ 3.60GHz,16,72,2, 35223420
11th Gen Intel(R) Core(TM) i7-11700K @ 3.60GHz,16,72,3, 35283661
11th Gen Intel(R) Core(TM) i7-11700K @ 3.60GHz,16,72,4, 35338355
11th Gen Intel(R) Core(TM) i7-11700K @ 3.60GHz,16,72,5, 34185220
11th Gen Intel(R) Core(TM) i7-11700K @ 3.60GHz,16,73,1, 35161742
11th Gen Intel(R) Core(TM) i7-11700K @ 3.60GHz,16,73,2, 35268860
11th Gen Intel(R) Core(TM) i7-11700K @ 3.60GHz,16,73,3, 34780263
11th Gen Intel(R) Core(TM) i7-11700K @ 3.60GHz,16,73,4, 34966325
11th Gen Intel(R) Core(TM) i7-11700K @ 3.60GHz,16,73,5, 35401854
11th Gen Intel(R) Core(TM) i7-11700K @ 3.60GHz,16,74,1, 34591401
11th Gen Intel(R) Core(TM) i7-11700K @ 3.60GHz,16,74,2, 35133051
11th Gen Intel(R) Core(TM) i7-11700K @ 3.60GHz,16,74,3, 34644249
11th Gen Intel(R) Core(TM) i7-11700K @ 3.60GHz,16,74,4, 35319463
11th Gen Intel(R) Core(TM) i7-11700K @ 3.60GHz,16,74,5, 35115328
11th Gen Intel(R) Core(TM) i7-11700K @ 3.60GHz,16,75,1, 35767197
11th Gen Intel(R) Core(TM) i7-11700K @ 3.60GHz,16,75,2, 34383144
11th Gen Intel(R) Core(TM) i7-11700K @ 3.60GHz,16,75,3, 35919753
11th Gen Intel(R) Core(TM) i7-11700K @ 3.60GHz,16,75,4, 34741780
11th Gen Intel(R) Core(TM) i7-11700K @ 3.60GHz,16,75,5, 35047607
11th Gen Intel(R) Core(TM) i7-11700K @ 3.60GHz,16,76,1, 35458383
11th Gen Intel(R) Core(TM) i7-11700K @ 3.60GHz,16,76,2, 34368820
11th Gen Intel(R) Core(TM) i7-11700K @ 3.60GHz,16,76,3, 35044370
11th Gen Intel(R) Core(TM) i7-11700K @ 3.60GHz,16,76,4, 34992457
11th Gen Intel(R) Core(TM) i7-11700K @ 3.60GHz,16,76,5, 35003465
11th Gen Intel(R) Core(TM) i7-11700K @ 3.60GHz,16,77,1, 36105732
11th Gen Intel(R) Core(TM) i7-11700K @ 3.60GHz,16,77,2, 35147192
11th Gen Intel(R) Core(TM) i7-11700K @ 3.60GHz,16,77,3, 33880985
11th Gen Intel(R) Core(TM) i7-11700K @ 3.60GHz,16,77,4, 36030244
11th Gen Intel(R) Core(TM) i7-11700K @ 3.60GHz,16,77,5, 36600809
11th Gen Intel(R) Core(TM) i7-11700K @ 3.60GHz,16,78,1, 34537996
11th Gen Intel(R) Core(TM) i7-11700K @ 3.60GHz,16,78,2, 34272387
11th Gen Intel(R) Core(TM) i7-11700K @ 3.60GHz,16,78,3, 34944654
11th Gen Intel(R) Core(TM) i7-11700K @ 3.60GHz,16,78,4, 33745050
11th Gen Intel(R) Core(TM) i7-11700K @ 3.60GHz,16,78,5, 36443429
11th Gen Intel(R) Core(TM) i7-11700K @ 3.60GHz,16,79,1, 35347288
11th Gen Intel(R) Core(TM) i7-11700K @ 3.60GHz,16,79,2, 34078825
11th Gen Intel(R) Core(TM) i7-11700K @ 3.60GHz,16,79,3, 36348505
11th Gen Intel(R) Core(TM) i7-11700K @ 3.60GHz,16,79,4, 35331473
11th Gen Intel(R) Core(TM) i7-11700K @ 3.60GHz,16,79,5, 34481627
11th Gen Intel(R) Core(TM) i7-11700K @ 3.60GHz,16,80,1, 35667332
11th Gen Intel(R) Core(TM) i7-11700K @ 3.60GHz,16,80,2, 35992577
11th Gen Intel(R) Core(TM) i7-11700K @ 3.60GHz,16,80,3, 35640483
11th Gen Intel(R) Core(TM) i7-11700K @ 3.60GHz,16,80,4, 34466268
11th Gen Intel(R) Core(TM) i7-11700K @ 3.60GHz,16,80,5, 35755058
11th Gen Intel(R) Core(TM) i7-11700K @ 3.60GHz,16,81,1, 35862921
11th Gen Intel(R) Core(TM) i7-11700K @ 3.60GHz,16,81,2, 35301298
11th Gen Intel(R) Core(TM) i7-11700K @ 3.60GHz,16,81,3, 35695886
11th Gen Intel(R) Core(TM) i7-11700K @ 3.60GHz,16,81,4, 34769406
11th Gen Intel(R) Core(TM) i7-11700K @ 3.60GHz,16,81,5, 34861741
11th Gen Intel(R) Core(TM) i7-11700K @ 3.60GHz,16,82,1, 34690397
11th Gen Intel(R) Core(TM) i7-11700K @ 3.60GHz,16,82,2, 34750962
11th Gen Intel(R) Core(TM) i7-11700K @ 3.60GHz,16,82,3, 35672548
11th Gen Intel(R) Core(TM) i7-11700K @ 3.60GHz,16,82,4, 36157053
11th Gen Intel(R) Core(TM) i7-11700K @ 3.60GHz,16,82,5, 34157167
11th Gen Intel(R) Core(TM) i7-11700K @ 3.60GHz,16,83,1, 34904015
11th Gen Intel(R) Core(TM) i7-11700K @ 3.60GHz,16,83,2, 34975350
11th Gen Intel(R) Core(TM) i7-11700K @ 3.60GHz,16,83,3, 35373198
11th Gen Intel(R) Core(TM) i7-11700K @ 3.60GHz,16,83,4, 34887946
11th Gen Intel(R) Core(TM) i7-11700K @ 3.60GHz,16,83,5, 34643522
11th Gen Intel(R) Core(TM) i7-11700K @ 3.60GHz,16,84,1, 36013039
11th Gen Intel(R) Core(TM) i7-11700K @ 3.60GHz,16,84,2, 34757332
11th Gen Intel(R) Core(TM) i7-11700K @ 3.60GHz,16,84,3, 35660721
11th Gen Intel(R) Core(TM) i7-11700K @ 3.60GHz,16,84,4, 34886478
11th Gen Intel(R) Core(TM) i7-11700K @ 3.60GHz,16,84,5, 35880867
11th Gen Intel(R) Core(TM) i7-11700K @ 3.60GHz,16,85,1, 34292401
11th Gen Intel(R) Core(TM) i7-11700K @ 3.60GHz,16,85,2, 36641547
11th Gen Intel(R) Core(TM) i7-11700K @ 3.60GHz,16,85,3, 33968076
11th Gen Intel(R) Core(TM) i7-11700K @ 3.60GHz,16,85,4, 34322350
11th Gen Intel(R) Core(TM) i7-11700K @ 3.60GHz,16,85,5, 35265875
11th Gen Intel(R) Core(TM) i7-11700K @ 3.60GHz,16,86,1, 35134640
11th Gen Intel(R) Core(TM) i7-11700K @ 3.60GHz,16,86,2, 34209965
11th Gen Intel(R) Core(TM) i7-11700K @ 3.60GHz,16,86,3, 35232274
11th Gen Intel(R) Core(TM) i7-11700K @ 3.60GHz,16,86,4, 34752543
11th Gen Intel(R) Core(TM) i7-11700K @ 3.60GHz,16,86,5, 34491245
11th Gen Intel(R) Core(TM) i7-11700K @ 3.60GHz,16,87,1, 35073875
11th Gen Intel(R) Core(TM) i7-11700K @ 3.60GHz,16,87,2, 35175733
11th Gen Intel(R) Core(TM) i7-11700K @ 3.60GHz,16,87,3, 34588136
11th Gen Intel(R) Core(TM) i7-11700K @ 3.60GHz,16,87,4, 35000985
11th Gen Intel(R) Core(TM) i7-11700K @ 3.60GHz,16,87,5, 35314936
11th Gen Intel(R) Core(TM) i7-11700K @ 3.60GHz,16,88,1, 34335029
11th Gen Intel(R) Core(TM) i7-11700K @ 3.60GHz,16,88,2, 33949806
11th Gen Intel(R) Core(TM) i7-11700K @ 3.60GHz,16,88,3, 33684592
11th Gen Intel(R) Core(TM) i7-11700K @ 3.60GHz,16,88,4, 34499704
11th Gen Intel(R) Core(TM) i7-11700K @ 3.60GHz,16,88,5, 34649409
11th Gen Intel(R) Core(TM) i7-11700K @ 3.60GHz,16,89,1, 37258356
11th Gen Intel(R) Core(TM) i7-11700K @ 3.60GHz,16,89,2, 34757396
11th Gen Intel(R) Core(TM) i7-11700K @ 3.60GHz,16,89,3, 35656994
11th Gen Intel(R) Core(TM) i7-11700K @ 3.60GHz,16,89,4, 34972456
11th Gen Intel(R) Core(TM) i7-11700K @ 3.60GHz,16,89,5, 35087809
11th Gen Intel(R) Core(TM) i7-11700K @ 3.60GHz,16,90,1, 34543403
11th Gen Intel(R) Core(TM) i7-11700K @ 3.60GHz,16,90,2, 35800030
11th Gen Intel(R) Core(TM) i7-11700K @ 3.60GHz,16,90,3, 34911169
11th Gen Intel(R) Core(TM) i7-11700K @ 3.60GHz,16,90,4, 34342211
11th Gen Intel(R) Core(TM) i7-11700K @ 3.60GHz,16,90,5, 35866087
11th Gen Intel(R) Core(TM) i7-11700K @ 3.60GHz,16,91,1, 33706699
11th Gen Intel(R) Core(TM) i7-11700K @ 3.60GHz,16,91,2, 35312533
11th Gen Intel(R) Core(TM) i7-11700K @ 3.60GHz,16,91,3, 34984038
11th Gen Intel(R) Core(TM) i7-11700K @ 3.60GHz,16,91,4, 34422352
11th Gen Intel(R) Core(TM) i7-11700K @ 3.60GHz,16,91,5, 36002220
11th Gen Intel(R) Core(TM) i7-11700K @ 3.60GHz,16,92,1, 35901926
11th Gen Intel(R) Core(TM) i7-11700K @ 3.60GHz,16,92,2, 34936629
11th Gen Intel(R) Core(TM) i7-11700K @ 3.60GHz,16,92,3, 35534936
11th Gen Intel(R) Core(TM) i7-11700K @ 3.60GHz,16,92,4, 35472699
11th Gen Intel(R) Core(TM) i7-11700K @ 3.60GHz,16,92,5, 34350483
11th Gen Intel(R) Core(TM) i7-11700K @ 3.60GHz,16,93,1, 35288410
11th Gen Intel(R) Core(TM) i7-11700K @ 3.60GHz,16,93,2, 33717239
11th Gen Intel(R) Core(TM) i7-11700K @ 3.60GHz,16,93,3, 35497311
11th Gen Intel(R) Core(TM) i7-11700K @ 3.60GHz,16,93,4, 37367372
11th Gen Intel(R) Core(TM) i7-11700K @ 3.60GHz,16,93,5, 35531849
11th Gen Intel(R) Core(TM) i7-11700K @ 3.60GHz,16,94,1, 35217021
11th Gen Intel(R) Core(TM) i7-11700K @ 3.60GHz,16,94,2, 35285102
11th Gen Intel(R) Core(TM) i7-11700K @ 3.60GHz,16,94,3, 35877659
11th Gen Intel(R) Core(TM) i7-11700K @ 3.60GHz,16,94,4, 34268358
11th Gen Intel(R) Core(TM) i7-11700K @ 3.60GHz,16,94,5, 33218253
11th Gen Intel(R) Core(TM) i7-11700K @ 3.60GHz,16,95,1, 35457124
11th Gen Intel(R) Core(TM) i7-11700K @ 3.60GHz,16,95,2, 34742202
11th Gen Intel(R) Core(TM) i7-11700K @ 3.60GHz,16,95,3, 34923740
11th Gen Intel(R) Core(TM) i7-11700K @ 3.60GHz,16,95,4, 35092076
11th Gen Intel(R) Core(TM) i7-11700K @ 3.60GHz,16,95,5, 34097850
11th Gen Intel(R) Core(TM) i7-11700K @ 3.60GHz,16,96,1, 34279645
11th Gen Intel(R) Core(TM) i7-11700K @ 3.60GHz,16,96,2, 36312044
11th Gen Intel(R) Core(TM) i7-11700K @ 3.60GHz,16,96,3, 34705030
11th Gen Intel(R) Core(TM) i7-11700K @ 3.60GHz,16,96,4, 34952598
11th Gen Intel(R) Core(TM) i7-11700K @ 3.60GHz,16,96,5, 35386115
11th Gen Intel(R) Core(TM) i7-11700K @ 3.60GHz,16,97,1, 34807562
11th Gen Intel(R) Core(TM) i7-11700K @ 3.60GHz,16,97,2, 35563903
11th Gen Intel(R) Core(TM) i7-11700K @ 3.60GHz,16,97,3, 35469658
11th Gen Intel(R) Core(TM) i7-11700K @ 3.60GHz,16,97,4, 34687889
11th Gen Intel(R) Core(TM) i7-11700K @ 3.60GHz,16,97,5, 35499854
11th Gen Intel(R) Core(TM) i7-11700K @ 3.60GHz,16,98,1, 34600435
11th Gen Intel(R) Core(TM) i7-11700K @ 3.60GHz,16,98,2, 34460902
11th Gen Intel(R) Core(TM) i7-11700K @ 3.60GHz,16,98,3, 35828853
11th Gen Intel(R) Core(TM) i7-11700K @ 3.60GHz,16,98,4, 35121880
11th Gen Intel(R) Core(TM) i7-11700K @ 3.60GHz,16,98,5, 34800230
11th Gen Intel(R) Core(TM) i7-11700K @ 3.60GHz,16,99,1, 34785265
11th Gen Intel(R) Core(TM) i7-11700K @ 3.60GHz,16,99,2, 35497069
11th Gen Intel(R) Core(TM) i7-11700K @ 3.60GHz,16,99,3, 34998166
11th Gen Intel(R) Core(TM) i7-11700K @ 3.60GHz,16,99,4, 35546628
11th Gen Intel(R) Core(TM) i7-11700K @ 3.60GHz,16,99,5, 35046909
11th Gen Intel(R) Core(TM) i7-11700K @ 3.60GHz,16,100,1, 34643901
11th Gen Intel(R) Core(TM) i7-11700K @ 3.60GHz,16,100,2, 34860864
11th Gen Intel(R) Core(TM) i7-11700K @ 3.60GHz,16,100,3, 36291152
11th Gen Intel(R) Core(TM) i7-11700K @ 3.60GHz,16,100,4, 34836880
11th Gen Intel(R) Core(TM) i7-11700K @ 3.60GHz,16,100,5, 34943834
11th Gen Intel(R) Core(TM) i7-11700K @ 3.60GHz,16,101,1, 35317335
11th Gen Intel(R) Core(TM) i7-11700K @ 3.60GHz,16,101,2, 34399080
11th Gen Intel(R) Core(TM) i7-11700K @ 3.60GHz,16,101,3, 35840495
11th Gen Intel(R) Core(TM) i7-11700K @ 3.60GHz,16,101,4, 34799128
11th Gen Intel(R) Core(TM) i7-11700K @ 3.60GHz,16,101,5, 34425929
11th Gen Intel(R) Core(TM) i7-11700K @ 3.60GHz,16,102,1, 34323707
11th Gen Intel(R) Core(TM) i7-11700K @ 3.60GHz,16,102,2, 34437121
11th Gen Intel(R) Core(TM) i7-11700K @ 3.60GHz,16,102,3, 35858814
11th Gen Intel(R) Core(TM) i7-11700K @ 3.60GHz,16,102,4, 34666879
11th Gen Intel(R) Core(TM) i7-11700K @ 3.60GHz,16,102,5, 34238297
11th Gen Intel(R) Core(TM) i7-11700K @ 3.60GHz,16,103,1, 35042590
11th Gen Intel(R) Core(TM) i7-11700K @ 3.60GHz,16,103,2, 34851083
11th Gen Intel(R) Core(TM) i7-11700K @ 3.60GHz,16,103,3, 35083988
11th Gen Intel(R) Core(TM) i7-11700K @ 3.60GHz,16,103,4, 35936645
11th Gen Intel(R) Core(TM) i7-11700K @ 3.60GHz,16,103,5, 34256437
11th Gen Intel(R) Core(TM) i7-11700K @ 3.60GHz,16,104,1, 36445363
11th Gen Intel(R) Core(TM) i7-11700K @ 3.60GHz,16,104,2, 35163979
11th Gen Intel(R) Core(TM) i7-11700K @ 3.60GHz,16,104,3, 35382023
11th Gen Intel(R) Core(TM) i7-11700K @ 3.60GHz,16,104,4, 36598932
11th Gen Intel(R) Core(TM) i7-11700K @ 3.60GHz,16,104,5, 34850415
11th Gen Intel(R) Core(TM) i7-11700K @ 3.60GHz,16,105,1, 34658815
11th Gen Intel(R) Core(TM) i7-11700K @ 3.60GHz,16,105,2, 33991720
11th Gen Intel(R) Core(TM) i7-11700K @ 3.60GHz,16,105,3, 34622674
11th Gen Intel(R) Core(TM) i7-11700K @ 3.60GHz,16,105,4, 34500546
11th Gen Intel(R) Core(TM) i7-11700K @ 3.60GHz,16,105,5, 34086507
11th Gen Intel(R) Core(TM) i7-11700K @ 3.60GHz,16,106,1, 35043935
11th Gen Intel(R) Core(TM) i7-11700K @ 3.60GHz,16,106,2, 35658794
11th Gen Intel(R) Core(TM) i7-11700K @ 3.60GHz,16,106,3, 34121676
11th Gen Intel(R) Core(TM) i7-11700K @ 3.60GHz,16,106,4, 34578805
11th Gen Intel(R) Core(TM) i7-11700K @ 3.60GHz,16,106,5, 34333700
11th Gen Intel(R) Core(TM) i7-11700K @ 3.60GHz,16,107,1, 35195082
11th Gen Intel(R) Core(TM) i7-11700K @ 3.60GHz,16,107,2, 33532749
11th Gen Intel(R) Core(TM) i7-11700K @ 3.60GHz,16,107,3, 35211443
11th Gen Intel(R) Core(TM) i7-11700K @ 3.60GHz,16,107,4, 35468682
11th Gen Intel(R) Core(TM) i7-11700K @ 3.60GHz,16,107,5, 34964034
11th Gen Intel(R) Core(TM) i7-11700K @ 3.60GHz,16,108,1, 34917331
11th Gen Intel(R) Core(TM) i7-11700K @ 3.60GHz,16,108,2, 34344027
11th Gen Intel(R) Core(TM) i7-11700K @ 3.60GHz,16,108,3, 34391632
11th Gen Intel(R) Core(TM) i7-11700K @ 3.60GHz,16,108,4, 35626037
11th Gen Intel(R) Core(TM) i7-11700K @ 3.60GHz,16,108,5, 35634114
11th Gen Intel(R) Core(TM) i7-11700K @ 3.60GHz,16,109,1, 36106072
11th Gen Intel(R) Core(TM) i7-11700K @ 3.60GHz,16,109,2, 35255921
11th Gen Intel(R) Core(TM) i7-11700K @ 3.60GHz,16,109,3, 34371992
11th Gen Intel(R) Core(TM) i7-11700K @ 3.60GHz,16,109,4, 35137037
11th Gen Intel(R) Core(TM) i7-11700K @ 3.60GHz,16,109,5, 34944510
11th Gen Intel(R) Core(TM) i7-11700K @ 3.60GHz,16,110,1, 35499792
11th Gen Intel(R) Core(TM) i7-11700K @ 3.60GHz,16,110,2, 34946083
11th Gen Intel(R) Core(TM) i7-11700K @ 3.60GHz,16,110,3, 35126696
11th Gen Intel(R) Core(TM) i7-11700K @ 3.60GHz,16,110,4, 34464674
11th Gen Intel(R) Core(TM) i7-11700K @ 3.60GHz,16,110,5, 34794816
11th Gen Intel(R) Core(TM) i7-11700K @ 3.60GHz,16,111,1, 36677884
11th Gen Intel(R) Core(TM) i7-11700K @ 3.60GHz,16,111,2, 34879113
11th Gen Intel(R) Core(TM) i7-11700K @ 3.60GHz,16,111,3, 34775864
11th Gen Intel(R) Core(TM) i7-11700K @ 3.60GHz,16,111,4, 34635275
11th Gen Intel(R) Core(TM) i7-11700K @ 3.60GHz,16,111,5, 35363832
11th Gen Intel(R) Core(TM) i7-11700K @ 3.60GHz,16,112,1, 35322698
11th Gen Intel(R) Core(TM) i7-11700K @ 3.60GHz,16,112,2, 33830967
11th Gen Intel(R) Core(TM) i7-11700K @ 3.60GHz,16,112,3, 34766033
11th Gen Intel(R) Core(TM) i7-11700K @ 3.60GHz,16,112,4, 34267266
11th Gen Intel(R) Core(TM) i7-11700K @ 3.60GHz,16,112,5, 35090072
11th Gen Intel(R) Core(TM) i7-11700K @ 3.60GHz,16,113,1, 34674849
11th Gen Intel(R) Core(TM) i7-11700K @ 3.60GHz,16,113,2, 34785483
11th Gen Intel(R) Core(TM) i7-11700K @ 3.60GHz,16,113,3, 35122685
11th Gen Intel(R) Core(TM) i7-11700K @ 3.60GHz,16,113,4, 35095246
11th Gen Intel(R) Core(TM) i7-11700K @ 3.60GHz,16,113,5, 35033418
11th Gen Intel(R) Core(TM) i7-11700K @ 3.60GHz,16,114,1, 33936840
11th Gen Intel(R) Core(TM) i7-11700K @ 3.60GHz,16,114,2, 34334600
11th Gen Intel(R) Core(TM) i7-11700K @ 3.60GHz,16,114,3, 35524143
11th Gen Intel(R) Core(TM) i7-11700K @ 3.60GHz,16,114,4, 35044162
11th Gen Intel(R) Core(TM) i7-11700K @ 3.60GHz,16,114,5, 35366899
11th Gen Intel(R) Core(TM) i7-11700K @ 3.60GHz,16,115,1, 35673255
11th Gen Intel(R) Core(TM) i7-11700K @ 3.60GHz,16,115,2, 35564569
11th Gen Intel(R) Core(TM) i7-11700K @ 3.60GHz,16,115,3, 34768383
11th Gen Intel(R) Core(TM) i7-11700K @ 3.60GHz,16,115,4, 35346932
11th Gen Intel(R) Core(TM) i7-11700K @ 3.60GHz,16,115,5, 35114346
11th Gen Intel(R) Core(TM) i7-11700K @ 3.60GHz,16,116,1, 34768240
11th Gen Intel(R) Core(TM) i7-11700K @ 3.60GHz,16,116,2, 35072499
11th Gen Intel(R) Core(TM) i7-11700K @ 3.60GHz,16,116,3, 35799517
11th Gen Intel(R) Core(TM) i7-11700K @ 3.60GHz,16,116,4, 35263214
11th Gen Intel(R) Core(TM) i7-11700K @ 3.60GHz,16,116,5, 34899237
11th Gen Intel(R) Core(TM) i7-11700K @ 3.60GHz,16,117,1, 44065182
11th Gen Intel(R) Core(TM) i7-11700K @ 3.60GHz,16,117,2, 34434447
11th Gen Intel(R) Core(TM) i7-11700K @ 3.60GHz,16,117,3, 35063621
11th Gen Intel(R) Core(TM) i7-11700K @ 3.60GHz,16,117,4, 34697153
11th Gen Intel(R) Core(TM) i7-11700K @ 3.60GHz,16,117,5, 35548861
11th Gen Intel(R) Core(TM) i7-11700K @ 3.60GHz,16,118,1, 36126057
11th Gen Intel(R) Core(TM) i7-11700K @ 3.60GHz,16,118,2, 35225536
11th Gen Intel(R) Core(TM) i7-11700K @ 3.60GHz,16,118,3, 34776848
11th Gen Intel(R) Core(TM) i7-11700K @ 3.60GHz,16,118,4, 35240151
11th Gen Intel(R) Core(TM) i7-11700K @ 3.60GHz,16,118,5, 39306782
11th Gen Intel(R) Core(TM) i7-11700K @ 3.60GHz,16,119,1, 34642869
11th Gen Intel(R) Core(TM) i7-11700K @ 3.60GHz,16,119,2, 35369784
11th Gen Intel(R) Core(TM) i7-11700K @ 3.60GHz,16,119,3, 34316015
11th Gen Intel(R) Core(TM) i7-11700K @ 3.60GHz,16,119,4, 35366418
11th Gen Intel(R) Core(TM) i7-11700K @ 3.60GHz,16,119,5, 34276191
11th Gen Intel(R) Core(TM) i7-11700K @ 3.60GHz,16,120,1, 36154401
11th Gen Intel(R) Core(TM) i7-11700K @ 3.60GHz,16,120,2, 33624170
11th Gen Intel(R) Core(TM) i7-11700K @ 3.60GHz,16,120,3, 36227556
11th Gen Intel(R) Core(TM) i7-11700K @ 3.60GHz,16,120,4, 34188688
11th Gen Intel(R) Core(TM) i7-11700K @ 3.60GHz,16,120,5, 35201712
11th Gen Intel(R) Core(TM) i7-11700K @ 3.60GHz,16,121,1, 35550455
11th Gen Intel(R) Core(TM) i7-11700K @ 3.60GHz,16,121,2, 35115328
11th Gen Intel(R) Core(TM) i7-11700K @ 3.60GHz,16,121,3, 35483978
11th Gen Intel(R) Core(TM) i7-11700K @ 3.60GHz,16,121,4, 34155951
11th Gen Intel(R) Core(TM) i7-11700K @ 3.60GHz,16,121,5, 34355522
11th Gen Intel(R) Core(TM) i7-11700K @ 3.60GHz,16,122,1, 36115951
11th Gen Intel(R) Core(TM) i7-11700K @ 3.60GHz,16,122,2, 35330677
11th Gen Intel(R) Core(TM) i7-11700K @ 3.60GHz,16,122,3, 35428496
11th Gen Intel(R) Core(TM) i7-11700K @ 3.60GHz,16,122,4, 34118224
11th Gen Intel(R) Core(TM) i7-11700K @ 3.60GHz,16,122,5, 34855721
11th Gen Intel(R) Core(TM) i7-11700K @ 3.60GHz,16,123,1, 33728178
11th Gen Intel(R) Core(TM) i7-11700K @ 3.60GHz,16,123,2, 34738757
11th Gen Intel(R) Core(TM) i7-11700K @ 3.60GHz,16,123,3, 33942481
11th Gen Intel(R) Core(TM) i7-11700K @ 3.60GHz,16,123,4, 35711654
11th Gen Intel(R) Core(TM) i7-11700K @ 3.60GHz,16,123,5, 34900305
11th Gen Intel(R) Core(TM) i7-11700K @ 3.60GHz,16,124,1, 34831309
11th Gen Intel(R) Core(TM) i7-11700K @ 3.60GHz,16,124,2, 34921066
11th Gen Intel(R) Core(TM) i7-11700K @ 3.60GHz,16,124,3, 35956114
11th Gen Intel(R) Core(TM) i7-11700K @ 3.60GHz,16,124,4, 42008025
11th Gen Intel(R) Core(TM) i7-11700K @ 3.60GHz,16,124,5, 35884735
11th Gen Intel(R) Core(TM) i7-11700K @ 3.60GHz,16,125,1, 35152531
11th Gen Intel(R) Core(TM) i7-11700K @ 3.60GHz,16,125,2, 34625249
11th Gen Intel(R) Core(TM) i7-11700K @ 3.60GHz,16,125,3, 34679838
11th Gen Intel(R) Core(TM) i7-11700K @ 3.60GHz,16,125,4, 35799850
11th Gen Intel(R) Core(TM) i7-11700K @ 3.60GHz,16,125,5, 33862585
11th Gen Intel(R) Core(TM) i7-11700K @ 3.60GHz,16,126,1, 37919090
11th Gen Intel(R) Core(TM) i7-11700K @ 3.60GHz,16,126,2, 35280834
11th Gen Intel(R) Core(TM) i7-11700K @ 3.60GHz,16,126,3, 34809566
11th Gen Intel(R) Core(TM) i7-11700K @ 3.60GHz,16,126,4, 34878010
11th Gen Intel(R) Core(TM) i7-11700K @ 3.60GHz,16,126,5, 35003829
11th Gen Intel(R) Core(TM) i7-11700K @ 3.60GHz,16,127,1, 34987557
11th Gen Intel(R) Core(TM) i7-11700K @ 3.60GHz,16,127,2, 34743852
11th Gen Intel(R) Core(TM) i7-11700K @ 3.60GHz,16,127,3, 35667799
11th Gen Intel(R) Core(TM) i7-11700K @ 3.60GHz,16,127,4, 35312833
11th Gen Intel(R) Core(TM) i7-11700K @ 3.60GHz,16,127,5, 35735001
11th Gen Intel(R) Core(TM) i7-11700K @ 3.60GHz,16,128,1, 33375926
11th Gen Intel(R) Core(TM) i7-11700K @ 3.60GHz,16,128,2, 34734902
11th Gen Intel(R) Core(TM) i7-11700K @ 3.60GHz,16,128,3, 34671877
11th Gen Intel(R) Core(TM) i7-11700K @ 3.60GHz,16,128,4, 36194274
11th Gen Intel(R) Core(TM) i7-11700K @ 3.60GHz,16,128,5, 35255336
11th Gen Intel(R) Core(TM) i7-11700K @ 3.60GHz,16,129,1, 35643009
11th Gen Intel(R) Core(TM) i7-11700K @ 3.60GHz,16,129,2, 35320904
11th Gen Intel(R) Core(TM) i7-11700K @ 3.60GHz,16,129,3, 35012630
11th Gen Intel(R) Core(TM) i7-11700K @ 3.60GHz,16,129,4, 34922219
11th Gen Intel(R) Core(TM) i7-11700K @ 3.60GHz,16,129,5, 35336937
11th Gen Intel(R) Core(TM) i7-11700K @ 3.60GHz,16,130,1, 34684643
11th Gen Intel(R) Core(TM) i7-11700K @ 3.60GHz,16,130,2, 35191985
11th Gen Intel(R) Core(TM) i7-11700K @ 3.60GHz,16,130,3, 35058577
11th Gen Intel(R) Core(TM) i7-11700K @ 3.60GHz,16,130,4, 35037906
11th Gen Intel(R) Core(TM) i7-11700K @ 3.60GHz,16,130,5, 35132296
11th Gen Intel(R) Core(TM) i7-11700K @ 3.60GHz,16,131,1, 34578266
11th Gen Intel(R) Core(TM) i7-11700K @ 3.60GHz,16,131,2, 35273954
11th Gen Intel(R) Core(TM) i7-11700K @ 3.60GHz,16,131,3, 34903969
11th Gen Intel(R) Core(TM) i7-11700K @ 3.60GHz,16,131,4, 35952254
11th Gen Intel(R) Core(TM) i7-11700K @ 3.60GHz,16,131,5, 35471265
11th Gen Intel(R) Core(TM) i7-11700K @ 3.60GHz,16,132,1, 36185873
11th Gen Intel(R) Core(TM) i7-11700K @ 3.60GHz,16,132,2, 34830011
11th Gen Intel(R) Core(TM) i7-11700K @ 3.60GHz,16,132,3, 34470266
11th Gen Intel(R) Core(TM) i7-11700K @ 3.60GHz,16,132,4, 35112186
11th Gen Intel(R) Core(TM) i7-11700K @ 3.60GHz,16,132,5, 36406055
11th Gen Intel(R) Core(TM) i7-11700K @ 3.60GHz,16,133,1, 34739312
11th Gen Intel(R) Core(TM) i7-11700K @ 3.60GHz,16,133,2, 35751636
11th Gen Intel(R) Core(TM) i7-11700K @ 3.60GHz,16,133,3, 35262593
11th Gen Intel(R) Core(TM) i7-11700K @ 3.60GHz,16,133,4, 32937569
11th Gen Intel(R) Core(TM) i7-11700K @ 3.60GHz,16,133,5, 35647072
11th Gen Intel(R) Core(TM) i7-11700K @ 3.60GHz,16,134,1, 34838371
11th Gen Intel(R) Core(TM) i7-11700K @ 3.60GHz,16,134,2, 34766718
11th Gen Intel(R) Core(TM) i7-11700K @ 3.60GHz,16,134,3, 35322535
11th Gen Intel(R) Core(TM) i7-11700K @ 3.60GHz,16,134,4, 35006943
11th Gen Intel(R) Core(TM) i7-11700K @ 3.60GHz,16,134,5, 36462297
11th Gen Intel(R) Core(TM) i7-11700K @ 3.60GHz,16,135,1, 35803866
11th Gen Intel(R) Core(TM) i7-11700K @ 3.60GHz,16,135,2, 34638834
11th Gen Intel(R) Core(TM) i7-11700K @ 3.60GHz,16,135,3, 33870008
11th Gen Intel(R) Core(TM) i7-11700K @ 3.60GHz,16,135,4, 35089061
11th Gen Intel(R) Core(TM) i7-11700K @ 3.60GHz,16,135,5, 34333467
11th Gen Intel(R) Core(TM) i7-11700K @ 3.60GHz,16,136,1, 36554970
11th Gen Intel(R) Core(TM) i7-11700K @ 3.60GHz,16,136,2, 35220993
11th Gen Intel(R) Core(TM) i7-11700K @ 3.60GHz,16,136,3, 35382992
11th Gen Intel(R) Core(TM) i7-11700K @ 3.60GHz,16,136,4, 35899487
11th Gen Intel(R) Core(TM) i7-11700K @ 3.60GHz,16,136,5, 35115508
11th Gen Intel(R) Core(TM) i7-11700K @ 3.60GHz,16,137,1, 36339298
11th Gen Intel(R) Core(TM) i7-11700K @ 3.60GHz,16,137,2, 34638518
11th Gen Intel(R) Core(TM) i7-11700K @ 3.60GHz,16,137,3, 34939616
11th Gen Intel(R) Core(TM) i7-11700K @ 3.60GHz,16,137,4, 35077213
11th Gen Intel(R) Core(TM) i7-11700K @ 3.60GHz,16,137,5, 34776816
11th Gen Intel(R) Core(TM) i7-11700K @ 3.60GHz,16,138,1, 35995819
11th Gen Intel(R) Core(TM) i7-11700K @ 3.60GHz,16,138,2, 34828884
11th Gen Intel(R) Core(TM) i7-11700K @ 3.60GHz,16,138,3, 36683842
11th Gen Intel(R) Core(TM) i7-11700K @ 3.60GHz,16,138,4, 34611814
11th Gen Intel(R) Core(TM) i7-11700K @ 3.60GHz,16,138,5, 34831719
11th Gen Intel(R) Core(TM) i7-11700K @ 3.60GHz,16,139,1, 35990211
11th Gen Intel(R) Core(TM) i7-11700K @ 3.60GHz,16,139,2, 34392770
11th Gen Intel(R) Core(TM) i7-11700K @ 3.60GHz,16,139,3, 34440637
11th Gen Intel(R) Core(TM) i7-11700K @ 3.60GHz,16,139,4, 35161668
11th Gen Intel(R) Core(TM) i7-11700K @ 3.60GHz,16,139,5, 34656973
11th Gen Intel(R) Core(TM) i7-11700K @ 3.60GHz,16,140,1, 36481616
11th Gen Intel(R) Core(TM) i7-11700K @ 3.60GHz,16,140,2, 35802604
11th Gen Intel(R) Core(TM) i7-11700K @ 3.60GHz,16,140,3, 35096817
11th Gen Intel(R) Core(TM) i7-11700K @ 3.60GHz,16,140,4, 35565937
11th Gen Intel(R) Core(TM) i7-11700K @ 3.60GHz,16,140,5, 35230414
11th Gen Intel(R) Core(TM) i7-11700K @ 3.60GHz,16,141,1, 35990591
11th Gen Intel(R) Core(TM) i7-11700K @ 3.60GHz,16,141,2, 34859222
11th Gen Intel(R) Core(TM) i7-11700K @ 3.60GHz,16,141,3, 34537952
11th Gen Intel(R) Core(TM) i7-11700K @ 3.60GHz,16,141,4, 34890639
11th Gen Intel(R) Core(TM) i7-11700K @ 3.60GHz,16,141,5, 35609473
11th Gen Intel(R) Core(TM) i7-11700K @ 3.60GHz,16,142,1, 35743194
11th Gen Intel(R) Core(TM) i7-11700K @ 3.60GHz,16,142,2, 35476268
11th Gen Intel(R) Core(TM) i7-11700K @ 3.60GHz,16,142,3, 35154113
11th Gen Intel(R) Core(TM) i7-11700K @ 3.60GHz,16,142,4, 33249566
11th Gen Intel(R) Core(TM) i7-11700K @ 3.60GHz,16,142,5, 35624842
11th Gen Intel(R) Core(TM) i7-11700K @ 3.60GHz,16,143,1, 38817433
11th Gen Intel(R) Core(TM) i7-11700K @ 3.60GHz,16,143,2, 34995545
11th Gen Intel(R) Core(TM) i7-11700K @ 3.60GHz,16,143,3, 36217536
11th Gen Intel(R) Core(TM) i7-11700K @ 3.60GHz,16,143,4, 34973983
11th Gen Intel(R) Core(TM) i7-11700K @ 3.60GHz,16,143,5, 36279991
11th Gen Intel(R) Core(TM) i7-11700K @ 3.60GHz,16,144,1, 42171279
11th Gen Intel(R) Core(TM) i7-11700K @ 3.60GHz,16,144,2, 35008828
11th Gen Intel(R) Core(TM) i7-11700K @ 3.60GHz,16,144,3, 34315716
11th Gen Intel(R) Core(TM) i7-11700K @ 3.60GHz,16,144,4, 35617141
11th Gen Intel(R) Core(TM) i7-11700K @ 3.60GHz,16,144,5, 34738273
11th Gen Intel(R) Core(TM) i7-11700K @ 3.60GHz,16,145,1, 36308568
11th Gen Intel(R) Core(TM) i7-11700K @ 3.60GHz,16,145,2, 35671635
11th Gen Intel(R) Core(TM) i7-11700K @ 3.60GHz,16,145,3, 34696688
11th Gen Intel(R) Core(TM) i7-11700K @ 3.60GHz,16,145,4, 36086800
11th Gen Intel(R) Core(TM) i7-11700K @ 3.60GHz,16,145,5, 34036930
11th Gen Intel(R) Core(TM) i7-11700K @ 3.60GHz,16,146,1, 38677141
11th Gen Intel(R) Core(TM) i7-11700K @ 3.60GHz,16,146,2, 35126046
11th Gen Intel(R) Core(TM) i7-11700K @ 3.60GHz,16,146,3, 34388953
11th Gen Intel(R) Core(TM) i7-11700K @ 3.60GHz,16,146,4, 33797547
11th Gen Intel(R) Core(TM) i7-11700K @ 3.60GHz,16,146,5, 34515576
11th Gen Intel(R) Core(TM) i7-11700K @ 3.60GHz,16,147,1, 35217437
11th Gen Intel(R) Core(TM) i7-11700K @ 3.60GHz,16,147,2, 33782327
11th Gen Intel(R) Core(TM) i7-11700K @ 3.60GHz,16,147,3, 35695110
11th Gen Intel(R) Core(TM) i7-11700K @ 3.60GHz,16,147,4, 35602691
11th Gen Intel(R) Core(TM) i7-11700K @ 3.60GHz,16,147,5, 35398475
11th Gen Intel(R) Core(TM) i7-11700K @ 3.60GHz,16,148,1, 36609598
11th Gen Intel(R) Core(TM) i7-11700K @ 3.60GHz,16,148,2, 33844775
11th Gen Intel(R) Core(TM) i7-11700K @ 3.60GHz,16,148,3, 35831554
11th Gen Intel(R) Core(TM) i7-11700K @ 3.60GHz,16,148,4, 34908706
11th Gen Intel(R) Core(TM) i7-11700K @ 3.60GHz,16,148,5, 34917588
11th Gen Intel(R) Core(TM) i7-11700K @ 3.60GHz,16,149,1, 36494978
11th Gen Intel(R) Core(TM) i7-11700K @ 3.60GHz,16,149,2, 34788076
11th Gen Intel(R) Core(TM) i7-11700K @ 3.60GHz,16,149,3, 34753338
11th Gen Intel(R) Core(TM) i7-11700K @ 3.60GHz,16,149,4, 35450202
11th Gen Intel(R) Core(TM) i7-11700K @ 3.60GHz,16,149,5, 36308592
11th Gen Intel(R) Core(TM) i7-11700K @ 3.60GHz,16,150,1, 36341675
11th Gen Intel(R) Core(TM) i7-11700K @ 3.60GHz,16,150,2, 36082962
11th Gen Intel(R) Core(TM) i7-11700K @ 3.60GHz,16,150,3, 35042846
11th Gen Intel(R) Core(TM) i7-11700K @ 3.60GHz,16,150,4, 35741764
11th Gen Intel(R) Core(TM) i7-11700K @ 3.60GHz,16,150,5, 36537541
11th Gen Intel(R) Core(TM) i7-11700K @ 3.60GHz,16,151,1, 38734008
11th Gen Intel(R) Core(TM) i7-11700K @ 3.60GHz,16,151,2, 34566022
11th Gen Intel(R) Core(TM) i7-11700K @ 3.60GHz,16,151,3, 36145109
11th Gen Intel(R) Core(TM) i7-11700K @ 3.60GHz,16,151,4, 35181830
11th Gen Intel(R) Core(TM) i7-11700K @ 3.60GHz,16,151,5, 34216803
11th Gen Intel(R) Core(TM) i7-11700K @ 3.60GHz,16,152,1, 35894946
11th Gen Intel(R) Core(TM) i7-11700K @ 3.60GHz,16,152,2, 36129465
11th Gen Intel(R) Core(TM) i7-11700K @ 3.60GHz,16,152,3, 35154014
11th Gen Intel(R) Core(TM) i7-11700K @ 3.60GHz,16,152,4, 35600849
11th Gen Intel(R) Core(TM) i7-11700K @ 3.60GHz,16,152,5, 35936682
11th Gen Intel(R) Core(TM) i7-11700K @ 3.60GHz,16,153,1, 37194312
11th Gen Intel(R) Core(TM) i7-11700K @ 3.60GHz,16,153,2, 36424410
11th Gen Intel(R) Core(TM) i7-11700K @ 3.60GHz,16,153,3, 35515773
11th Gen Intel(R) Core(TM) i7-11700K @ 3.60GHz,16,153,4, 35234029
11th Gen Intel(R) Core(TM) i7-11700K @ 3.60GHz,16,153,5, 35563258
11th Gen Intel(R) Core(TM) i7-11700K @ 3.60GHz,16,154,1, 38114066
11th Gen Intel(R) Core(TM) i7-11700K @ 3.60GHz,16,154,2, 35720295
11th Gen Intel(R) Core(TM) i7-11700K @ 3.60GHz,16,154,3, 35420836
11th Gen Intel(R) Core(TM) i7-11700K @ 3.60GHz,16,154,4, 35717169
11th Gen Intel(R) Core(TM) i7-11700K @ 3.60GHz,16,154,5, 34185799
11th Gen Intel(R) Core(TM) i7-11700K @ 3.60GHz,16,155,1, 37858817
11th Gen Intel(R) Core(TM) i7-11700K @ 3.60GHz,16,155,2, 35370547
11th Gen Intel(R) Core(TM) i7-11700K @ 3.60GHz,16,155,3, 36471277
11th Gen Intel(R) Core(TM) i7-11700K @ 3.60GHz,16,155,4, 36381402
11th Gen Intel(R) Core(TM) i7-11700K @ 3.60GHz,16,155,5, 35507885
11th Gen Intel(R) Core(TM) i7-11700K @ 3.60GHz,16,156,1, 37428689
11th Gen Intel(R) Core(TM) i7-11700K @ 3.60GHz,16,156,2, 35988170
11th Gen Intel(R) Core(TM) i7-11700K @ 3.60GHz,16,156,3, 34813108
11th Gen Intel(R) Core(TM) i7-11700K @ 3.60GHz,16,156,4, 33210620
11th Gen Intel(R) Core(TM) i7-11700K @ 3.60GHz,16,156,5, 35776074
11th Gen Intel(R) Core(TM) i7-11700K @ 3.60GHz,16,157,1, 36779288
11th Gen Intel(R) Core(TM) i7-11700K @ 3.60GHz,16,157,2, 32938078
11th Gen Intel(R) Core(TM) i7-11700K @ 3.60GHz,16,157,3, 35679450
11th Gen Intel(R) Core(TM) i7-11700K @ 3.60GHz,16,157,4, 35171512
11th Gen Intel(R) Core(TM) i7-11700K @ 3.60GHz,16,157,5, 35134767
11th Gen Intel(R) Core(TM) i7-11700K @ 3.60GHz,16,158,1, 38286543
11th Gen Intel(R) Core(TM) i7-11700K @ 3.60GHz,16,158,2, 35982377
11th Gen Intel(R) Core(TM) i7-11700K @ 3.60GHz,16,158,3, 35362504
11th Gen Intel(R) Core(TM) i7-11700K @ 3.60GHz,16,158,4, 35380307
11th Gen Intel(R) Core(TM) i7-11700K @ 3.60GHz,16,158,5, 35477817
11th Gen Intel(R) Core(TM) i7-11700K @ 3.60GHz,16,159,1, 38184835
11th Gen Intel(R) Core(TM) i7-11700K @ 3.60GHz,16,159,2, 34972701
11th Gen Intel(R) Core(TM) i7-11700K @ 3.60GHz,16,159,3, 35099371
11th Gen Intel(R) Core(TM) i7-11700K @ 3.60GHz,16,159,4, 35502076
11th Gen Intel(R) Core(TM) i7-11700K @ 3.60GHz,16,159,5, 35093616
11th Gen Intel(R) Core(TM) i7-11700K @ 3.60GHz,16,160,1, 38120320
11th Gen Intel(R) Core(TM) i7-11700K @ 3.60GHz,16,160,2, 35071854
11th Gen Intel(R) Core(TM) i7-11700K @ 3.60GHz,16,160,3, 37321967
11th Gen Intel(R) Core(TM) i7-11700K @ 3.60GHz,16,160,4, 34577920
11th Gen Intel(R) Core(TM) i7-11700K @ 3.60GHz,16,160,5, 34861240
11th Gen Intel(R) Core(TM) i7-11700K @ 3.60GHz,16,161,1, 47225825
11th Gen Intel(R) Core(TM) i7-11700K @ 3.60GHz,16,161,2, 35209946
11th Gen Intel(R) Core(TM) i7-11700K @ 3.60GHz,16,161,3, 34457290
11th Gen Intel(R) Core(TM) i7-11700K @ 3.60GHz,16,161,4, 35645635
11th Gen Intel(R) Core(TM) i7-11700K @ 3.60GHz,16,161,5, 34995408
11th Gen Intel(R) Core(TM) i7-11700K @ 3.60GHz,16,162,1, 39069706
11th Gen Intel(R) Core(TM) i7-11700K @ 3.60GHz,16,162,2, 35787545
11th Gen Intel(R) Core(TM) i7-11700K @ 3.60GHz,16,162,3, 35409808
11th Gen Intel(R) Core(TM) i7-11700K @ 3.60GHz,16,162,4, 35127460
11th Gen Intel(R) Core(TM) i7-11700K @ 3.60GHz,16,162,5, 35346389
11th Gen Intel(R) Core(TM) i7-11700K @ 3.60GHz,16,163,1, 37839104
11th Gen Intel(R) Core(TM) i7-11700K @ 3.60GHz,16,163,2, 35142835
11th Gen Intel(R) Core(TM) i7-11700K @ 3.60GHz,16,163,3, 35076373
11th Gen Intel(R) Core(TM) i7-11700K @ 3.60GHz,16,163,4, 35131163
11th Gen Intel(R) Core(TM) i7-11700K @ 3.60GHz,16,163,5, 35811604
11th Gen Intel(R) Core(TM) i7-11700K @ 3.60GHz,16,164,1, 38892674
11th Gen Intel(R) Core(TM) i7-11700K @ 3.60GHz,16,164,2, 34884725
11th Gen Intel(R) Core(TM) i7-11700K @ 3.60GHz,16,164,3, 35056786
11th Gen Intel(R) Core(TM) i7-11700K @ 3.60GHz,16,164,4, 35100631
11th Gen Intel(R) Core(TM) i7-11700K @ 3.60GHz,16,164,5, 35211353
11th Gen Intel(R) Core(TM) i7-11700K @ 3.60GHz,16,165,1, 41039214
11th Gen Intel(R) Core(TM) i7-11700K @ 3.60GHz,16,165,2, 35799300
11th Gen Intel(R) Core(TM) i7-11700K @ 3.60GHz,16,165,3, 34830686
11th Gen Intel(R) Core(TM) i7-11700K @ 3.60GHz,16,165,4, 35485888
11th Gen Intel(R) Core(TM) i7-11700K @ 3.60GHz,16,165,5, 30818543
11th Gen Intel(R) Core(TM) i7-11700K @ 3.60GHz,16,166,1, 40869933
11th Gen Intel(R) Core(TM) i7-11700K @ 3.60GHz,16,166,2, 35386414
11th Gen Intel(R) Core(TM) i7-11700K @ 3.60GHz,16,166,3, 35571102
11th Gen Intel(R) Core(TM) i7-11700K @ 3.60GHz,16,166,4, 35679185
11th Gen Intel(R) Core(TM) i7-11700K @ 3.60GHz,16,166,5, 36065090
11th Gen Intel(R) Core(TM) i7-11700K @ 3.60GHz,16,167,1, 39304106
11th Gen Intel(R) Core(TM) i7-11700K @ 3.60GHz,16,167,2, 36061865
11th Gen Intel(R) Core(TM) i7-11700K @ 3.60GHz,16,167,3, 34900421
11th Gen Intel(R) Core(TM) i7-11700K @ 3.60GHz,16,167,4, 35330527
11th Gen Intel(R) Core(TM) i7-11700K @ 3.60GHz,16,167,5, 35092451
11th Gen Intel(R) Core(TM) i7-11700K @ 3.60GHz,16,168,1, 39319726
11th Gen Intel(R) Core(TM) i7-11700K @ 3.60GHz,16,168,2, 35866190
11th Gen Intel(R) Core(TM) i7-11700K @ 3.60GHz,16,168,3, 36188097
11th Gen Intel(R) Core(TM) i7-11700K @ 3.60GHz,16,168,4, 35326761
11th Gen Intel(R) Core(TM) i7-11700K @ 3.60GHz,16,168,5, 33338687
11th Gen Intel(R) Core(TM) i7-11700K @ 3.60GHz,16,169,1, 38369587
11th Gen Intel(R) Core(TM) i7-11700K @ 3.60GHz,16,169,2, 35134273
11th Gen Intel(R) Core(TM) i7-11700K @ 3.60GHz,16,169,3, 35943565
11th Gen Intel(R) Core(TM) i7-11700K @ 3.60GHz,16,169,4, 34837655
11th Gen Intel(R) Core(TM) i7-11700K @ 3.60GHz,16,169,5, 35173571
11th Gen Intel(R) Core(TM) i7-11700K @ 3.60GHz,16,170,1, 37704081
11th Gen Intel(R) Core(TM) i7-11700K @ 3.60GHz,16,170,2, 35247307
11th Gen Intel(R) Core(TM) i7-11700K @ 3.60GHz,16,170,3, 34374565
11th Gen Intel(R) Core(TM) i7-11700K @ 3.60GHz,16,170,4, 35831143
11th Gen Intel(R) Core(TM) i7-11700K @ 3.60GHz,16,170,5, 35251745
11th Gen Intel(R) Core(TM) i7-11700K @ 3.60GHz,16,171,1, 40849756
11th Gen Intel(R) Core(TM) i7-11700K @ 3.60GHz,16,171,2, 35451845
11th Gen Intel(R) Core(TM) i7-11700K @ 3.60GHz,16,171,3, 35365768
11th Gen Intel(R) Core(TM) i7-11700K @ 3.60GHz,16,171,4, 35371573
11th Gen Intel(R) Core(TM) i7-11700K @ 3.60GHz,16,171,5, 35683306
11th Gen Intel(R) Core(TM) i7-11700K @ 3.60GHz,16,172,1, 38396070
11th Gen Intel(R) Core(TM) i7-11700K @ 3.60GHz,16,172,2, 35714790
11th Gen Intel(R) Core(TM) i7-11700K @ 3.60GHz,16,172,3, 36988184
11th Gen Intel(R) Core(TM) i7-11700K @ 3.60GHz,16,172,4, 31062175
11th Gen Intel(R) Core(TM) i7-11700K @ 3.60GHz,16,172,5, 37211041
11th Gen Intel(R) Core(TM) i7-11700K @ 3.60GHz,16,173,1, 36394421
11th Gen Intel(R) Core(TM) i7-11700K @ 3.60GHz,16,173,2, 34601766
11th Gen Intel(R) Core(TM) i7-11700K @ 3.60GHz,16,173,3, 37350537
11th Gen Intel(R) Core(TM) i7-11700K @ 3.60GHz,16,173,4, 36210742
11th Gen Intel(R) Core(TM) i7-11700K @ 3.60GHz,16,173,5, 34968040
11th Gen Intel(R) Core(TM) i7-11700K @ 3.60GHz,16,174,1, 36639145
11th Gen Intel(R) Core(TM) i7-11700K @ 3.60GHz,16,174,2, 34474820
11th Gen Intel(R) Core(TM) i7-11700K @ 3.60GHz,16,174,3, 35399405
11th Gen Intel(R) Core(TM) i7-11700K @ 3.60GHz,16,174,4, 34783515
11th Gen Intel(R) Core(TM) i7-11700K @ 3.60GHz,16,174,5, 35308187
11th Gen Intel(R) Core(TM) i7-11700K @ 3.60GHz,16,175,1, 38184283
11th Gen Intel(R) Core(TM) i7-11700K @ 3.60GHz,16,175,2, 36127098
11th Gen Intel(R) Core(TM) i7-11700K @ 3.60GHz,16,175,3, 36161322
11th Gen Intel(R) Core(TM) i7-11700K @ 3.60GHz,16,175,4, 35343591
11th Gen Intel(R) Core(TM) i7-11700K @ 3.60GHz,16,175,5, 35630176
11th Gen Intel(R) Core(TM) i7-11700K @ 3.60GHz,16,176,1, 37792168
11th Gen Intel(R) Core(TM) i7-11700K @ 3.60GHz,16,176,2, 35405542
11th Gen Intel(R) Core(TM) i7-11700K @ 3.60GHz,16,176,3, 35769501
11th Gen Intel(R) Core(TM) i7-11700K @ 3.60GHz,16,176,4, 35562329
11th Gen Intel(R) Core(TM) i7-11700K @ 3.60GHz,16,176,5, 34616470
11th Gen Intel(R) Core(TM) i7-11700K @ 3.60GHz,16,177,1, 38068358
11th Gen Intel(R) Core(TM) i7-11700K @ 3.60GHz,16,177,2, 35313253
11th Gen Intel(R) Core(TM) i7-11700K @ 3.60GHz,16,177,3, 34754263
11th Gen Intel(R) Core(TM) i7-11700K @ 3.60GHz,16,177,4, 34813799
11th Gen Intel(R) Core(TM) i7-11700K @ 3.60GHz,16,177,5, 36178631
11th Gen Intel(R) Core(TM) i7-11700K @ 3.60GHz,16,178,1, 36078489
11th Gen Intel(R) Core(TM) i7-11700K @ 3.60GHz,16,178,2, 34827005
11th Gen Intel(R) Core(TM) i7-11700K @ 3.60GHz,16,178,3, 35184648
11th Gen Intel(R) Core(TM) i7-11700K @ 3.60GHz,16,178,4, 35770848
11th Gen Intel(R) Core(TM) i7-11700K @ 3.60GHz,16,178,5, 35644450
11th Gen Intel(R) Core(TM) i7-11700K @ 3.60GHz,16,179,1, 37511155
11th Gen Intel(R) Core(TM) i7-11700K @ 3.60GHz,16,179,2, 35792888
11th Gen Intel(R) Core(TM) i7-11700K @ 3.60GHz,16,179,3, 35965126
11th Gen Intel(R) Core(TM) i7-11700K @ 3.60GHz,16,179,4, 35404296
11th Gen Intel(R) Core(TM) i7-11700K @ 3.60GHz,16,179,5, 34124800
11th Gen Intel(R) Core(TM) i7-11700K @ 3.60GHz,16,180,1, 35283265
11th Gen Intel(R) Core(TM) i7-11700K @ 3.60GHz,16,180,2, 35782402
11th Gen Intel(R) Core(TM) i7-11700K @ 3.60GHz,16,180,3, 34366969
11th Gen Intel(R) Core(TM) i7-11700K @ 3.60GHz,16,180,4, 34895813
11th Gen Intel(R) Core(TM) i7-11700K @ 3.60GHz,16,180,5, 35400738
11th Gen Intel(R) Core(TM) i7-11700K @ 3.60GHz,16,181,1, 35899360
11th Gen Intel(R) Core(TM) i7-11700K @ 3.60GHz,16,181,2, 37218734
11th Gen Intel(R) Core(TM) i7-11700K @ 3.60GHz,16,181,3, 34681399
11th Gen Intel(R) Core(TM) i7-11700K @ 3.60GHz,16,181,4, 35425619
11th Gen Intel(R) Core(TM) i7-11700K @ 3.60GHz,16,181,5, 36017544
11th Gen Intel(R) Core(TM) i7-11700K @ 3.60GHz,16,182,1, 36636253
11th Gen Intel(R) Core(TM) i7-11700K @ 3.60GHz,16,182,2, 35894093
11th Gen Intel(R) Core(TM) i7-11700K @ 3.60GHz,16,182,3, 35148417
11th Gen Intel(R) Core(TM) i7-11700K @ 3.60GHz,16,182,4, 35642686
11th Gen Intel(R) Core(TM) i7-11700K @ 3.60GHz,16,182,5, 34711027
11th Gen Intel(R) Core(TM) i7-11700K @ 3.60GHz,16,183,1, 36410841
11th Gen Intel(R) Core(TM) i7-11700K @ 3.60GHz,16,183,2, 35834915
11th Gen Intel(R) Core(TM) i7-11700K @ 3.60GHz,16,183,3, 35818790
11th Gen Intel(R) Core(TM) i7-11700K @ 3.60GHz,16,183,4, 35429952
11th Gen Intel(R) Core(TM) i7-11700K @ 3.60GHz,16,183,5, 34707072
11th Gen Intel(R) Core(TM) i7-11700K @ 3.60GHz,16,184,1, 36889342
11th Gen Intel(R) Core(TM) i7-11700K @ 3.60GHz,16,184,2, 35590428
11th Gen Intel(R) Core(TM) i7-11700K @ 3.60GHz,16,184,3, 36585587
11th Gen Intel(R) Core(TM) i7-11700K @ 3.60GHz,16,184,4, 33615373
11th Gen Intel(R) Core(TM) i7-11700K @ 3.60GHz,16,184,5, 36215726
11th Gen Intel(R) Core(TM) i7-11700K @ 3.60GHz,16,185,1, 36882285
11th Gen Intel(R) Core(TM) i7-11700K @ 3.60GHz,16,185,2, 36279251
11th Gen Intel(R) Core(TM) i7-11700K @ 3.60GHz,16,185,3, 34885242
11th Gen Intel(R) Core(TM) i7-11700K @ 3.60GHz,16,185,4, 34897818
11th Gen Intel(R) Core(TM) i7-11700K @ 3.60GHz,16,185,5, 35648547
11th Gen Intel(R) Core(TM) i7-11700K @ 3.60GHz,16,186,1, 35192471
11th Gen Intel(R) Core(TM) i7-11700K @ 3.60GHz,16,186,2, 35359276
11th Gen Intel(R) Core(TM) i7-11700K @ 3.60GHz,16,186,3, 36286489
11th Gen Intel(R) Core(TM) i7-11700K @ 3.60GHz,16,186,4, 36104379
11th Gen Intel(R) Core(TM) i7-11700K @ 3.60GHz,16,186,5, 36143029
11th Gen Intel(R) Core(TM) i7-11700K @ 3.60GHz,16,187,1, 36535947
11th Gen Intel(R) Core(TM) i7-11700K @ 3.60GHz,16,187,2, 35100258
11th Gen Intel(R) Core(TM) i7-11700K @ 3.60GHz,16,187,3, 35477723
11th Gen Intel(R) Core(TM) i7-11700K @ 3.60GHz,16,187,4, 35894369
11th Gen Intel(R) Core(TM) i7-11700K @ 3.60GHz,16,187,5, 36456961
11th Gen Intel(R) Core(TM) i7-11700K @ 3.60GHz,16,188,1, 34829577
11th Gen Intel(R) Core(TM) i7-11700K @ 3.60GHz,16,188,2, 35426575
11th Gen Intel(R) Core(TM) i7-11700K @ 3.60GHz,16,188,3, 35149073
11th Gen Intel(R) Core(TM) i7-11700K @ 3.60GHz,16,188,4, 35333754
11th Gen Intel(R) Core(TM) i7-11700K @ 3.60GHz,16,188,5, 35561080
11th Gen Intel(R) Core(TM) i7-11700K @ 3.60GHz,16,189,1, 35473792
11th Gen Intel(R) Core(TM) i7-11700K @ 3.60GHz,16,189,2, 35056183
11th Gen Intel(R) Core(TM) i7-11700K @ 3.60GHz,16,189,3, 34592005
11th Gen Intel(R) Core(TM) i7-11700K @ 3.60GHz,16,189,4, 35279982
11th Gen Intel(R) Core(TM) i7-11700K @ 3.60GHz,16,189,5, 35419576
11th Gen Intel(R) Core(TM) i7-11700K @ 3.60GHz,16,190,1, 34464122
11th Gen Intel(R) Core(TM) i7-11700K @ 3.60GHz,16,190,2, 34363721
11th Gen Intel(R) Core(TM) i7-11700K @ 3.60GHz,16,190,3, 35895054
11th Gen Intel(R) Core(TM) i7-11700K @ 3.60GHz,16,190,4, 34718896
11th Gen Intel(R) Core(TM) i7-11700K @ 3.60GHz,16,190,5, 35489129
11th Gen Intel(R) Core(TM) i7-11700K @ 3.60GHz,16,191,1, 35185708
11th Gen Intel(R) Core(TM) i7-11700K @ 3.60GHz,16,191,2, 36389541
11th Gen Intel(R) Core(TM) i7-11700K @ 3.60GHz,16,191,3, 35707839
11th Gen Intel(R) Core(TM) i7-11700K @ 3.60GHz,16,191,4, 35794041
11th Gen Intel(R) Core(TM) i7-11700K @ 3.60GHz,16,191,5, 36456900
11th Gen Intel(R) Core(TM) i7-11700K @ 3.60GHz,16,192,1, 35441424
11th Gen Intel(R) Core(TM) i7-11700K @ 3.60GHz,16,192,2, 35210600
11th Gen Intel(R) Core(TM) i7-11700K @ 3.60GHz,16,192,3, 36137181
11th Gen Intel(R) Core(TM) i7-11700K @ 3.60GHz,16,192,4, 36253921
11th Gen Intel(R) Core(TM) i7-11700K @ 3.60GHz,16,192,5, 35693840
11th Gen Intel(R) Core(TM) i7-11700K @ 3.60GHz,16,193,1, 35213629
11th Gen Intel(R) Core(TM) i7-11700K @ 3.60GHz,16,193,2, 36412797
11th Gen Intel(R) Core(TM) i7-11700K @ 3.60GHz,16,193,3, 34799588
11th Gen Intel(R) Core(TM) i7-11700K @ 3.60GHz,16,193,4, 34691185
11th Gen Intel(R) Core(TM) i7-11700K @ 3.60GHz,16,193,5, 35518423
11th Gen Intel(R) Core(TM) i7-11700K @ 3.60GHz,16,194,1, 35714911
11th Gen Intel(R) Core(TM) i7-11700K @ 3.60GHz,16,194,2, 35906195
11th Gen Intel(R) Core(TM) i7-11700K @ 3.60GHz,16,194,3, 34828425
11th Gen Intel(R) Core(TM) i7-11700K @ 3.60GHz,16,194,4, 35108694
11th Gen Intel(R) Core(TM) i7-11700K @ 3.60GHz,16,194,5, 36896621
11th Gen Intel(R) Core(TM) i7-11700K @ 3.60GHz,16,195,1, 35863912
11th Gen Intel(R) Core(TM) i7-11700K @ 3.60GHz,16,195,2, 34659764
11th Gen Intel(R) Core(TM) i7-11700K @ 3.60GHz,16,195,3, 33692998
11th Gen Intel(R) Core(TM) i7-11700K @ 3.60GHz,16,195,4, 35621685
11th Gen Intel(R) Core(TM) i7-11700K @ 3.60GHz,16,195,5, 36305373
11th Gen Intel(R) Core(TM) i7-11700K @ 3.60GHz,16,196,1, 35550633
11th Gen Intel(R) Core(TM) i7-11700K @ 3.60GHz,16,196,2, 35327550
11th Gen Intel(R) Core(TM) i7-11700K @ 3.60GHz,16,196,3, 35779966
11th Gen Intel(R) Core(TM) i7-11700K @ 3.60GHz,16,196,4, 36055557
11th Gen Intel(R) Core(TM) i7-11700K @ 3.60GHz,16,196,5, 36078289
11th Gen Intel(R) Core(TM) i7-11700K @ 3.60GHz,16,197,1, 35585866
11th Gen Intel(R) Core(TM) i7-11700K @ 3.60GHz,16,197,2, 34351842
11th Gen Intel(R) Core(TM) i7-11700K @ 3.60GHz,16,197,3, 35829409
11th Gen Intel(R) Core(TM) i7-11700K @ 3.60GHz,16,197,4, 36228147
11th Gen Intel(R) Core(TM) i7-11700K @ 3.60GHz,16,197,5, 35873036
11th Gen Intel(R) Core(TM) i7-11700K @ 3.60GHz,16,198,1, 35852957
11th Gen Intel(R) Core(TM) i7-11700K @ 3.60GHz,16,198,2, 35325716
11th Gen Intel(R) Core(TM) i7-11700K @ 3.60GHz,16,198,3, 35963392
11th Gen Intel(R) Core(TM) i7-11700K @ 3.60GHz,16,198,4, 35840586
11th Gen Intel(R) Core(TM) i7-11700K @ 3.60GHz,16,198,5, 34825337
11th Gen Intel(R) Core(TM) i7-11700K @ 3.60GHz,16,199,1, 35203679
11th Gen Intel(R) Core(TM) i7-11700K @ 3.60GHz,16,199,2, 31941747
11th Gen Intel(R) Core(TM) i7-11700K @ 3.60GHz,16,199,3, 35082847
11th Gen Intel(R) Core(TM) i7-11700K @ 3.60GHz,16,199,4, 35226035
11th Gen Intel(R) Core(TM) i7-11700K @ 3.60GHz,16,199,5, 35513234
11th Gen Intel(R) Core(TM) i7-11700K @ 3.60GHz,16,200,1, 31926098
11th Gen Intel(R) Core(TM) i7-11700K @ 3.60GHz,16,200,2, 35642723
11th Gen Intel(R) Core(TM) i7-11700K @ 3.60GHz,16,200,3, 36276069
11th Gen Intel(R) Core(TM) i7-11700K @ 3.60GHz,16,200,4, 34414908
11th Gen Intel(R) Core(TM) i7-11700K @ 3.60GHz,16,200,5, 35383896
